M020-kode;HTKode
NiN-3.0-T-C-PE-NA-MB-MA01-M020-01;NM-A-01
NiN-3.0-T-C-PE-NA-MB-MA01-M020-02;NM-A-01
NiN-3.0-T-C-PE-NA-MB-MA02-M020-01;NM-A-02
NiN-3.0-T-C-PE-NA-MB-MA02-M020-02;NM-A-02
NiN-3.0-T-C-PE-NA-MB-MA02-M020-03;NM-A-02
NiN-3.0-T-C-PE-NA-MB-MA02-M020-04;NM-A-02
NiN-3.0-T-C-PE-NA-MB-MA02-M020-05;NM-A-02
NiN-3.0-T-C-PE-NA-MB-MA02-M020-06;NM-A-02
NiN-3.0-T-C-PE-NA-MB-MA02-M020-07;NM-A-02
NiN-3.0-T-C-PE-NA-MB-MA02-M020-08;NM-A-02
NiN-3.0-T-C-PE-NA-MB-MA03-M020-01;NM-A-03
NiN-3.0-T-C-PE-NA-MB-MA03-M020-02;NM-A-03
NiN-3.0-T-C-PE-NA-MB-MA03-M020-03;NM-A-03
NiN-3.0-T-C-PE-NA-MB-MA03-M020-04;NM-A-03
NiN-3.0-T-C-PE-NA-MB-MA03-M020-05;NM-A-03
NiN-3.0-T-C-PE-NA-MB-MA03-M020-06;NM-A-03
NiN-3.0-T-C-PE-NA-MB-MA03-M020-07;NM-A-03
NiN-3.0-T-C-PE-NA-MB-MA03-M020-08;NM-A-03
NiN-3.0-T-C-PE-NA-MB-MA03-M020-09;NM-A-03
NiN-3.0-T-C-PE-NA-MB-MA03-M020-10;NM-A-03
NiN-3.0-T-C-PE-NA-MB-MA04-M020-01;NM-A-04
NiN-3.0-T-C-PE-NA-MB-MA04-M020-02;NM-A-04
NiN-3.0-T-C-PE-NA-MB-MA04-M020-03;NM-A-04
NiN-3.0-T-C-PE-NA-MB-MA04-M020-04;NM-A-04
NiN-3.0-T-C-PE-NA-MB-MA04-M020-05;NM-A-04
NiN-3.0-T-C-PE-NA-MB-MA04-M020-06;NM-A-04
NiN-3.0-T-C-PE-NA-MB-MA05-M020-01;NM-A-05
NiN-3.0-T-C-PE-NA-MB-MA05-M020-02;NM-A-05
NiN-3.0-T-C-PE-NA-MB-MA05-M020-03;NM-A-05
NiN-3.0-T-C-PE-NA-MB-MA05-M020-04;NM-A-05
NiN-3.0-T-C-PE-NA-MB-MA05-M020-05;NM-A-05
NiN-3.0-T-C-PE-NA-MB-MA06-M020-01;NM-A-06
NiN-3.0-T-C-PE-NA-MB-MA06-M020-02;NM-A-06
NiN-3.0-T-C-PE-NA-MB-MA06-M020-03;NM-A-06
NiN-3.0-T-C-PE-NA-MB-MA06-M020-04;NM-A-06
NiN-3.0-T-C-PE-NA-MB-MA06-M020-05;NM-A-06
NiN-3.0-T-C-PE-NA-MB-MA06-M020-06;NM-A-06
NiN-3.0-T-C-PE-NA-MB-MA06-M020-07;NM-A-06
NiN-3.0-T-C-PE-NA-MB-MA06-M020-08;NM-A-06
NiN-3.0-T-C-PE-NA-MB-MA06-M020-09;NM-A-06
NiN-3.0-T-C-PE-NA-MB-MA06-M020-10;NM-A-06
NiN-3.0-T-C-PE-NA-MB-MA06-M020-11;NM-A-06
NiN-3.0-T-C-PE-NA-MB-MA06-M020-12;NM-A-06
NiN-3.0-T-C-PE-NA-MB-MB01-M020-01;NM-B-01
NiN-3.0-T-C-PE-NA-MB-MB01-M020-02;NM-B-01
NiN-3.0-T-C-PE-NA-MB-MB01-M020-03;NM-B-01
NiN-3.0-T-C-PE-NA-MB-MB02-M020-01;NM-B-02
NiN-3.0-T-C-PE-NA-MB-MB03-M020-01;NM-B-03
NiN-3.0-T-C-PE-NA-MB-MB03-M020-02;NM-B-03
NiN-3.0-T-C-PE-NA-MB-MC01-M020-01;NM-C-01
NiN-3.0-T-C-PE-NA-MB-MC01-M020-02;NM-C-01
NiN-3.0-T-C-PE-NA-MB-MC02-M020-01;NM-C-02
NiN-3.0-T-C-PE-NA-MB-MC02-M020-02;NM-C-02
NiN-3.0-T-C-PE-NA-MB-MC02-M020-03;NM-C-02
NiN-3.0-T-C-PE-NA-MB-MC02-M020-04;NM-C-02
NiN-3.0-T-C-PE-NA-MB-MC03-M020-01;NM-C-03
NiN-3.0-T-C-PE-NA-MB-MC03-M020-02;NM-C-03
NiN-3.0-T-C-PE-NA-MB-MC03-M020-03;NM-C-03
NiN-3.0-T-C-PE-NA-MB-MC04-M020-01;NM-C-04
NiN-3.0-T-C-PE-NA-MB-MC04-M020-02;NM-C-04
NiN-3.0-T-C-PE-NA-MB-MC04-M020-03;NM-C-04
NiN-3.0-T-C-PE-NA-MB-MC04-M020-04;NM-C-04
NiN-3.0-T-C-PE-NA-MB-MC04-M020-05;NM-C-04
NiN-3.0-T-C-PE-NA-MB-MC04-M020-06;NM-C-04
NiN-3.0-T-C-PE-NA-MB-MC05-M020-01;NM-C-05
NiN-3.0-T-C-PE-NA-MB-MC05-M020-02;NM-C-05
NiN-3.0-T-C-PE-NA-MB-MC06-M020-01;NM-C-06
NiN-3.0-T-C-PE-NA-MB-MC06-M020-02;NM-C-06
NiN-3.0-T-C-PE-NA-MB-MC06-M020-03;NM-C-06
NiN-3.0-T-C-PE-NA-MB-MC06-M020-04;NM-C-06
NiN-3.0-T-C-PE-NA-MB-MC06-M020-05;NM-C-06
NiN-3.0-T-C-PE-NA-MB-MC07-M020-01;NM-C-07
NiN-3.0-T-C-PE-NA-MB-MC07-M020-02;NM-C-07
NiN-3.0-T-C-PE-NA-MB-MC07-M020-03;NM-C-07
NiN-3.0-T-C-PE-NA-MB-MC08-M020-01;NM-C-08
NiN-3.0-T-C-PE-NA-MB-MC08-M020-02;NM-C-08
NiN-3.0-T-C-PE-NA-MB-MC08-M020-03;NM-C-08
NiN-3.0-T-C-PE-NA-MB-MC08-M020-04;NM-C-08
NiN-3.0-T-C-PE-NA-MB-MC09-M020-01;NM-C-09
NiN-3.0-T-C-PE-NA-MB-MC09-M020-02;NM-C-09
NiN-3.0-T-C-PE-NA-MB-MC10-M020-01;NM-C-10
NiN-3.0-T-C-PE-NA-MB-MF01-M020-01;NM-F-01
NiN-3.0-T-C-PE-NA-MB-MF01-M020-02;NM-F-01
NiN-3.0-T-C-PE-NA-MB-MJ01-M020-01;NM-J-01
NiN-3.0-T-C-PE-NA-MB-MM01-M020-01;NM-M-01
NiN-3.0-T-C-PE-NA-MB-MM01-M020-02;NM-M-01
NiN-3.0-T-C-PE-NA-MB-MM01-M020-03;NM-M-01
NiN-3.0-T-C-PE-NA-MB-MM01-M020-04;NM-M-01
NiN-3.0-T-C-PE-NA-MB-MM01-M020-05;NM-M-01
NiN-3.0-T-C-PE-NA-MB-MM02-M020-01;NM-M-02
NiN-3.0-T-C-PE-NA-MB-MM02-M020-02;NM-M-02
NiN-3.0-T-C-PE-NA-MB-LA01-M020-01;NL-A-01
NiN-3.0-T-C-PE-NA-MB-LA01-M020-02;NL-A-01
NiN-3.0-T-C-PE-NA-MB-LA01-M020-03;NL-A-01
NiN-3.0-T-C-PE-NA-MB-LA01-M020-04;NL-A-01
NiN-3.0-T-C-PE-NA-MB-LA01-M020-05;NL-A-01
NiN-3.0-T-C-PE-NA-MB-LA02-M020-01;NL-A-02
NiN-3.0-T-C-PE-NA-MB-LA02-M020-02;NL-A-02
NiN-3.0-T-C-PE-NA-MB-LA02-M020-03;NL-A-02
NiN-3.0-T-C-PE-NA-MB-LA02-M020-04;NL-A-02
NiN-3.0-T-C-PE-NA-MB-LA02-M020-05;NL-A-02
NiN-3.0-T-C-PE-NA-MB-LA02-M020-06;NL-A-02
NiN-3.0-T-C-PE-NA-MB-LA02-M020-07;NL-A-02
NiN-3.0-T-C-PE-NA-MB-LA02-M020-08;NL-A-02
NiN-3.0-T-C-PE-NA-MB-LA03-M020-01;NL-A-03
NiN-3.0-T-C-PE-NA-MB-LA03-M020-02;NL-A-03
NiN-3.0-T-C-PE-NA-MB-LA03-M020-03;NL-A-03
NiN-3.0-T-C-PE-NA-MB-LB01-M020-01;NL-B-01
NiN-3.0-T-C-PE-NA-MB-LB01-M020-02;NL-B-01
NiN-3.0-T-C-PE-NA-MB-LB01-M020-03;NL-B-01
NiN-3.0-T-C-PE-NA-MB-LB02-M020-01;NL-B-02
NiN-3.0-T-C-PE-NA-MB-LB02-M020-02;NL-B-02
NiN-3.0-T-C-PE-NA-MB-LB02-M020-03;NL-B-02
NiN-3.0-T-C-PE-NA-MB-LC01-M020-01;NL-C-01
NiN-3.0-T-C-PE-NA-MB-LC01-M020-02;NL-C-01
NiN-3.0-T-C-PE-NA-MB-LC01-M020-03;NL-C-01
NiN-3.0-T-C-PE-NA-MB-LC02-M020-01;NL-C-02
NiN-3.0-T-C-PE-NA-MB-LC02-M020-02;NL-C-02
NiN-3.0-T-C-PE-NA-MB-LC02-M020-03;NL-C-02
NiN-3.0-T-C-PE-NA-MB-LC02-M020-04;NL-C-02
NiN-3.0-T-C-PE-NA-MB-LC03-M020-01;NL-C-03
NiN-3.0-T-C-PE-NA-MB-LC03-M020-02;NL-C-03
NiN-3.0-T-C-PE-NA-MB-LC04-M020-01;NL-C-04
NiN-3.0-T-C-PE-NA-MB-LC04-M020-02;NL-C-04
NiN-3.0-T-C-PE-NA-MB-LC04-M020-03;NL-C-04
NiN-3.0-T-C-PE-NA-MB-LC04-M020-04;NL-C-04
NiN-3.0-T-C-PE-NA-MB-LC04-M020-05;NL-C-04
NiN-3.0-T-C-PE-NA-MB-LC04-M020-06;NL-C-04
NiN-3.0-T-C-PE-NA-MB-LC04-M020-07;NL-C-04
NiN-3.0-T-C-PE-NA-MB-LC05-M020-01;NL-C-05
NiN-3.0-T-C-PE-NA-MB-LC05-M020-02;NL-C-05
NiN-3.0-T-C-PE-NA-MB-LC06-M020-01;NL-C-06
NiN-3.0-T-C-PE-NA-MB-LC06-M020-02;NL-C-06
NiN-3.0-T-C-PE-NA-MB-LG01-M020-01;NL-G-01
NiN-3.0-T-C-PE-NA-MB-LJ01-M020-01;NL-J-01
NiN-3.0-T-C-PE-NA-MB-LM01-M020-01;NL-M-01
NiN-3.0-T-C-PE-NA-MB-LM01-M020-02;NL-M-01
NiN-3.0-T-C-PE-NA-MB-LM01-M020-03;NL-M-01
NiN-3.0-T-C-PE-NA-MB-LM02-M020-01;NL-M-02
NiN-3.0-T-C-PE-NA-MB-LM02-M020-02;NL-M-02
NiN-3.0-T-C-PE-NA-MB-LM03-M020-01;NL-M-03
NiN-3.0-T-C-PE-NA-MB-LM03-M020-02;NL-M-03
NiN-3.0-T-C-PE-NA-MB-LM04-M020-01;NL-M-04
NiN-3.0-T-C-PE-NA-MB-LM04-M020-02;NL-M-04
NiN-3.0-T-C-PE-NA-MB-LM04-M020-03;NL-M-04
NiN-3.0-T-C-PE-NA-MB-LM05-M020-01;NL-M-05
NiN-3.0-T-C-PE-NA-MB-LM05-M020-02;NL-M-05
NiN-3.0-T-C-PE-NA-MB-LM05-M020-03;NL-M-05
NiN-3.0-T-C-PE-NA-MB-LM05-M020-04;NL-M-05
NiN-3.0-T-C-PE-NA-MB-OA01-M020-01;NO-A-01
NiN-3.0-T-C-PE-NA-MB-OA01-M020-02;NO-A-01
NiN-3.0-T-C-PE-NA-MB-OA01-M020-03;NO-A-01
NiN-3.0-T-C-PE-NA-MB-OA01-M020-04;NO-A-01
NiN-3.0-T-C-PE-NA-MB-OA01-M020-05;NO-A-01
NiN-3.0-T-C-PE-NA-MB-OA01-M020-06;NO-A-01
NiN-3.0-T-C-PE-NA-MB-OA01-M020-07;NO-A-01
NiN-3.0-T-C-PE-NA-MB-OA01-M020-08;NO-A-01
NiN-3.0-T-C-PE-NA-MB-OA02-M020-01;NO-A-02
NiN-3.0-T-C-PE-NA-MB-OA02-M020-02;NO-A-02
NiN-3.0-T-C-PE-NA-MB-OA02-M020-03;NO-A-02
NiN-3.0-T-C-PE-NA-MB-OA02-M020-04;NO-A-02
NiN-3.0-T-C-PE-NA-MB-OA02-M020-05;NO-A-02
NiN-3.0-T-C-PE-NA-MB-OA02-M020-06;NO-A-02
NiN-3.0-T-C-PE-NA-MB-OA02-M020-07;NO-A-02
NiN-3.0-T-C-PE-NA-MB-OA02-M020-08;NO-A-02
NiN-3.0-T-C-PE-NA-MB-OA02-M020-09;NO-A-02
NiN-3.0-T-C-PE-NA-MB-OA02-M020-10;NO-A-02
NiN-3.0-T-C-PE-NA-MB-OA02-M020-11;NO-A-02
NiN-3.0-T-C-PE-NA-MB-OA02-M020-12;NO-A-02
NiN-3.0-T-C-PE-NA-MB-OA02-M020-13;NO-A-02
NiN-3.0-T-C-PE-NA-MB-OB01-M020-01;NO-B-01
NiN-3.0-T-C-PE-NA-MB-OB01-M020-02;NO-B-01
NiN-3.0-T-C-PE-NA-MB-OC01-M020-01;NO-C-01
NiN-3.0-T-C-PE-NA-MB-OC01-M020-02;NO-C-01
NiN-3.0-T-C-PE-NA-MB-OC02-M020-01;NO-C-02
NiN-3.0-T-C-PE-NA-MB-OC02-M020-02;NO-C-02
NiN-3.0-T-C-PE-NA-MB-OC02-M020-03;NO-C-02
NiN-3.0-T-C-PE-NA-MB-OC03-M020-01;NO-C-03
NiN-3.0-T-C-PE-NA-MB-OC03-M020-02;NO-C-03
NiN-3.0-T-C-PE-NA-MB-OG01-M020-01;NO-G-01
NiN-3.0-T-C-PE-NA-MB-OM01-M020-01;NO-M-01
NiN-3.0-T-C-PE-NA-MB-OM01-M020-02;NO-M-01
NiN-3.0-T-C-PE-NA-MB-OM01-M020-03;NO-M-01
NiN-3.0-T-C-PE-NA-MB-OM02-M020-01;NO-M-02
NiN-3.0-T-C-PE-NA-MB-OM02-M020-02;NO-M-02
NiN-3.0-T-C-PE-NA-MB-TA01-M020-01;NT-A-01
NiN-3.0-T-C-PE-NA-MB-TA01-M020-02;NT-A-01
NiN-3.0-T-C-PE-NA-MB-TA01-M020-03;NT-A-01
NiN-3.0-T-C-PE-NA-MB-TA02-M020-01;NT-A-02
NiN-3.0-T-C-PE-NA-MB-TA02-M020-02;NT-A-02
NiN-3.0-T-C-PE-NA-MB-TA02-M020-03;NT-A-02
NiN-3.0-T-C-PE-NA-MB-TA03-M020-01;NT-A-03
NiN-3.0-T-C-PE-NA-MB-TA03-M020-02;NT-A-03
NiN-3.0-T-C-PE-NA-MB-TA03-M020-03;NT-A-03
NiN-3.0-T-C-PE-NA-MB-TA03-M020-04;NT-A-03
NiN-3.0-T-C-PE-NA-MB-TA03-M020-05;NT-A-03
NiN-3.0-T-C-PE-NA-MB-TA03-M020-06;NT-A-03
NiN-3.0-T-C-PE-NA-MB-TA03-M020-07;NT-A-03
NiN-3.0-T-C-PE-NA-MB-TA04-M020-01;NT-A-04
NiN-3.0-T-C-PE-NA-MB-TA04-M020-02;NT-A-04
NiN-3.0-T-C-PE-NA-MB-TA04-M020-03;NT-A-04
NiN-3.0-T-C-PE-NA-MB-TB01-M020-01;NT-B-01
NiN-3.0-T-C-PE-NA-MB-TB01-M020-02;NT-B-01
NiN-3.0-T-C-PE-NA-MB-TB01-M020-03;NT-B-01
NiN-3.0-T-C-PE-NA-MB-TB01-M020-04;NT-B-01
NiN-3.0-T-C-PE-NA-MB-TB01-M020-05;NT-B-01
NiN-3.0-T-C-PE-NA-MB-TB01-M020-06;NT-B-01
NiN-3.0-T-C-PE-NA-MB-TC01-M020-01;NT-C-01
NiN-3.0-T-C-PE-NA-MB-TC01-M020-02;NT-C-01
NiN-3.0-T-C-PE-NA-MB-TC02-M020-01;NT-C-02
NiN-3.0-T-C-PE-NA-MB-TC02-M020-02;NT-C-02
NiN-3.0-T-C-PE-NA-MB-TC02-M020-03;NT-C-02
NiN-3.0-T-C-PE-NA-MB-TC02-M020-04;NT-C-02
NiN-3.0-T-C-PE-NA-MB-TC02-M020-05;NT-C-02
NiN-3.0-T-C-PE-NA-MB-TC02-M020-06;NT-C-02
NiN-3.0-T-C-PE-NA-MB-TC03-M020-01;NT-C-03
NiN-3.0-T-C-PE-NA-MB-TC03-M020-02;NT-C-03
NiN-3.0-T-C-PE-NA-MB-TC03-M020-03;NT-C-03
NiN-3.0-T-C-PE-NA-MB-TC03-M020-04;NT-C-03
NiN-3.0-T-C-PE-NA-MB-TC03-M020-05;NT-C-03
NiN-3.0-T-C-PE-NA-MB-TC04-M020-01;NT-C-04
NiN-3.0-T-C-PE-NA-MB-TC05-M020-01;NT-C-05
NiN-3.0-T-C-PE-NA-MB-TC05-M020-02;NT-C-05
NiN-3.0-T-C-PE-NA-MB-TC06-M020-01;NT-C-06
NiN-3.0-T-C-PE-NA-MB-TC07-M020-01;NT-C-07
NiN-3.0-T-C-PE-NA-MB-TC08-M020-01;NT-C-08
NiN-3.0-T-C-PE-NA-MB-TC08-M020-02;NT-C-08
NiN-3.0-T-C-PE-NA-MB-TC08-M020-03;NT-C-08
NiN-3.0-T-C-PE-NA-MB-TC08-M020-04;NT-C-08
NiN-3.0-T-C-PE-NA-MB-TC08-M020-05;NT-C-08
NiN-3.0-T-C-PE-NA-MB-TD01-M020-01;NT-D-01
NiN-3.0-T-C-PE-NA-MB-TD01-M020-02;NT-D-01
NiN-3.0-T-C-PE-NA-MB-TD01-M020-03;NT-D-01
NiN-3.0-T-C-PE-NA-MB-TD01-M020-04;NT-D-01
NiN-3.0-T-C-PE-NA-MB-TD01-M020-05;NT-D-01
NiN-3.0-T-C-PE-NA-MB-TD01-M020-06;NT-D-01
NiN-3.0-T-C-PE-NA-MB-TD01-M020-07;NT-D-01
NiN-3.0-T-C-PE-NA-MB-TD01-M020-08;NT-D-01
NiN-3.0-T-C-PE-NA-MB-TD01-M020-09;NT-D-01
NiN-3.0-T-C-PE-NA-MB-TD02-M020-01;NT-D-02
NiN-3.0-T-C-PE-NA-MB-TD03-M020-01;NT-D-03
NiN-3.0-T-C-PE-NA-MB-TD03-M020-02;NT-D-03
NiN-3.0-T-C-PE-NA-MB-TD03-M020-03;NT-D-03
NiN-3.0-T-C-PE-NA-MB-TD04-M020-01;NT-D-04
NiN-3.0-T-C-PE-NA-MB-TD04-M020-02;NT-D-04
NiN-3.0-T-C-PE-NA-MB-TD04-M020-03;NT-D-04
NiN-3.0-T-C-PE-NA-MB-TD04-M020-04;NT-D-04
NiN-3.0-T-C-PE-NA-MB-TD05-M020-01;NT-D-05
NiN-3.0-T-C-PE-NA-MB-TD05-M020-02;NT-D-05
NiN-3.0-T-C-PE-NA-MB-TD06-M020-01;NT-D-06
NiN-3.0-T-C-PE-NA-MB-TD06-M020-02;NT-D-06
NiN-3.0-T-C-PE-NA-MB-TD06-M020-03;NT-D-06
NiN-3.0-T-C-PE-NA-MB-TD06-M020-04;NT-D-06
NiN-3.0-T-C-PE-NA-MB-TE01-M020-01;NT-E-01
NiN-3.0-T-C-PE-NA-MB-TE01-M020-02;NT-E-01
NiN-3.0-T-C-PE-NA-MB-TE01-M020-03;NT-E-01
NiN-3.0-T-C-PE-NA-MB-TE01-M020-04;NT-E-01
NiN-3.0-T-C-PE-NA-MB-TE02-M020-01;NT-E-02
NiN-3.0-T-C-PE-NA-MB-TE02-M020-02;NT-E-02
NiN-3.0-T-C-PE-NA-MB-TE02-M020-03;NT-E-02
NiN-3.0-T-C-PE-NA-MB-TE03-M020-01;NT-E-03
NiN-3.0-T-C-PE-NA-MB-TE03-M020-02;NT-E-03
NiN-3.0-T-C-PE-NA-MB-TE03-M020-03;NT-E-03
NiN-3.0-T-C-PE-NA-MB-TE04-M020-01;NT-E-04
NiN-3.0-T-C-PE-NA-MB-TE05-M020-02;NT-E-05
NiN-3.0-T-C-PE-NA-MB-TE05-M020-03;NT-E-05
NiN-3.0-T-C-PE-NA-MB-TE05-M020-01;NT-E-05
NiN-3.0-T-C-PE-NA-MB-TE06-M020-01;NT-E-06
NiN-3.0-T-C-PE-NA-MB-TE07-M020-01;NT-E-07
NiN-3.0-T-C-PE-NA-MB-TE08-M020-01;NT-E-08
NiN-3.0-T-C-PE-NA-MB-TE08-M020-02;NT-E-08
NiN-3.0-T-C-PE-NA-MB-TE09-M020-01;NT-E-09
NiN-3.0-T-C-PE-NA-MB-TE09-M020-02;NT-E-09
NiN-3.0-T-C-PE-NA-MB-TE09-M020-03;NT-E-09
NiN-3.0-T-C-PE-NA-MB-TF01-M020-01;NT-F-01
NiN-3.0-T-C-PE-NA-MB-TF01-M020-02;NT-F-01
NiN-3.0-T-C-PE-NA-MB-TF02-M020-01;NT-F-02
NiN-3.0-T-C-PE-NA-MB-TF02-M020-02;NT-F-02
NiN-3.0-T-C-PE-NA-MB-TG01-M020-01;NT-G-01
NiN-3.0-T-C-PE-NA-MB-TG01-M020-04;NT-G-01
NiN-3.0-T-C-PE-NA-MB-TG01-M020-02;NT-G-01
NiN-3.0-T-C-PE-NA-MB-TG01-M020-03;NT-G-01
NiN-3.0-T-C-PE-NA-MB-TG01-M020-05;NT-G-01
NiN-3.0-T-C-PE-NA-MB-TG01-M020-06;NT-G-01
NiN-3.0-T-C-PE-NA-MB-TG01-M020-07;NT-G-01
NiN-3.0-T-C-PE-NA-MB-TG01-M020-08;NT-G-01
NiN-3.0-T-C-PE-NA-MB-TG01-M020-09;NT-G-01
NiN-3.0-T-C-PE-NA-MB-TG01-M020-10;NT-G-01
NiN-3.0-T-C-PE-NA-MB-TG01-M020-11;NT-G-01
NiN-3.0-T-C-PE-NA-MB-TG01-M020-12;NT-G-01
NiN-3.0-T-C-PE-NA-MB-TG01-M020-13;NT-G-01
NiN-3.0-T-C-PE-NA-MB-TG01-M020-14;NT-G-01
NiN-3.0-T-C-PE-NA-MB-TG01-M020-15;NT-G-01
NiN-3.0-T-C-PE-NA-MB-TG01-M020-16;NT-G-01
NiN-3.0-T-C-PE-NA-MB-TG01-M020-17;NT-G-01
NiN-3.0-T-C-PE-NA-MB-TG01-M020-18;NT-G-01
NiN-3.0-T-C-PE-NA-MB-TG01-M020-19;NT-G-01
NiN-3.0-T-C-PE-NA-MB-TH01-M020-01;NT-H-01
NiN-3.0-T-C-PE-NA-MB-TH01-M020-02;NT-H-01
NiN-3.0-T-C-PE-NA-MB-TH01-M020-03;NT-H-01
NiN-3.0-T-C-PE-NA-MB-TH01-M020-04;NT-H-01
NiN-3.0-T-C-PE-NA-MB-TH01-M020-05;NT-H-01
NiN-3.0-T-C-PE-NA-MB-TH01-M020-06;NT-H-01
NiN-3.0-T-C-PE-NA-MB-TI01-M020-01;NT-I-01
NiN-3.0-T-C-PE-NA-MB-TI01-M020-02;NT-I-01
NiN-3.0-T-C-PE-NA-MB-TI01-M020-03;NT-I-01
NiN-3.0-T-C-PE-NA-MB-TI01-M020-04;NT-I-01
NiN-3.0-T-C-PE-NA-MB-TK01-M020-01;NT-K-01
NiN-3.0-T-C-PE-NA-MB-TK01-M020-02;NT-K-01
NiN-3.0-T-C-PE-NA-MB-TK01-M020-03;NT-K-01
NiN-3.0-T-C-PE-NA-MB-TK01-M020-04;NT-K-01
NiN-3.0-T-C-PE-NA-MB-TK01-M020-05;NT-K-01
NiN-3.0-T-C-PE-NA-MB-TK01-M020-06;NT-K-01
NiN-3.0-T-C-PE-NA-MB-TK01-M020-07;NT-K-01
NiN-3.0-T-C-PE-NA-MB-TK02-M020-01;NT-K-02
NiN-3.0-T-C-PE-NA-MB-TK03-M020-01;NT-K-03
NiN-3.0-T-C-PE-NA-MB-TK03-M020-02;NT-K-03
NiN-3.0-T-C-PE-NA-MB-TK03-M020-03;NT-K-03
NiN-3.0-T-C-PE-NA-MB-TL01-M020-01;NT-L-01
NiN-3.0-T-C-PE-NA-MB-TL01-M020-02;NT-L-01
NiN-3.0-T-C-PE-NA-MB-TL01-M020-03;NT-L-01
NiN-3.0-T-C-PE-NA-MB-TM01-M020-01;NT-M-01
NiN-3.0-T-C-PE-NA-MB-TM01-M020-02;NT-M-01
NiN-3.0-T-C-PE-NA-MB-TM01-M020-03;NT-M-01
NiN-3.0-T-C-PE-NA-MB-TM02-M020-01;NT-M-02
NiN-3.0-T-C-PE-NA-MB-TM02-M020-02;NT-M-02
NiN-3.0-T-C-PE-NA-MB-TM03-M020-01;NT-M-03
NiN-3.0-T-C-PE-NA-MB-TM03-M020-02;NT-M-03
NiN-3.0-T-C-PE-NA-MB-TM03-M020-03;NT-M-03
NiN-3.0-T-C-PE-NA-MB-TM03-M020-04;NT-M-03
NiN-3.0-T-C-PE-NA-MB-TM03-M020-05;NT-M-03
NiN-3.0-T-C-PE-NA-MB-TM03-M020-06;NT-M-03
NiN-3.0-T-C-PE-NA-MB-TM04-M020-01;NT-M-04
NiN-3.0-T-C-PE-NA-MB-TM04-M020-02;NT-M-04
NiN-3.0-T-C-PE-NA-MB-TM05-M020-01;NT-M-05
NiN-3.0-T-C-PE-NA-MB-TM06-M020-01;NT-M-06
NiN-3.0-T-C-PE-NA-MB-TM06-M020-02;NT-M-06
NiN-3.0-T-C-PE-NA-MB-TN01-M020-01;NT-N-01
NiN-3.0-T-C-PE-NA-MB-TN02-M020-01;NT-N-02
NiN-3.0-T-C-PE-NA-MB-TN03-M020-01;NT-N-03
NiN-3.0-T-C-PE-NA-MB-TO01-M020-01;NT-O-01
NiN-3.0-T-C-PE-NA-MB-TO02-M020-01;NT-O-02
NiN-3.0-T-C-PE-NA-MB-TO03-M020-01;NT-O-03
NiN-3.0-T-C-PE-NA-MB-TO04-M020-01;NT-O-04
NiN-3.0-T-C-PE-NA-MB-VA01-M020-01;NV-A-01
NiN-3.0-T-C-PE-NA-MB-VA01-M020-02;NV-A-01
NiN-3.0-T-C-PE-NA-MB-VA01-M020-03;NV-A-01
NiN-3.0-T-C-PE-NA-MB-VA01-M020-04;NV-A-01
NiN-3.0-T-C-PE-NA-MB-VB01-M020-01;NV-B-01
NiN-3.0-T-C-PE-NA-MB-VB01-M020-02;NV-B-01
NiN-3.0-T-C-PE-NA-MB-VB01-M020-03;NV-B-01
NiN-3.0-T-C-PE-NA-MB-VC01-M020-01;NV-C-01
NiN-3.0-T-C-PE-NA-MB-VC01-M020-02;NV-C-01
NiN-3.0-T-C-PE-NA-MB-VC02-M020-01;NV-C-02
NiN-3.0-T-C-PE-NA-MB-VC02-M020-02;NV-C-02
NiN-3.0-T-C-PE-NA-MB-VC03-M020-01;NV-C-03
NiN-3.0-T-C-PE-NA-MB-VC03-M020-02;NV-C-03
NiN-3.0-T-C-PE-NA-MB-VC04-M020-01;NV-C-04
NiN-3.0-T-C-PE-NA-MB-VC04-M020-02;NV-C-04
NiN-3.0-T-C-PE-NA-MB-VC04-M020-03;NV-C-04
NiN-3.0-T-C-PE-NA-MB-VC04-M020-04;NV-C-04
NiN-3.0-T-C-PE-NA-MB-VC05-M020-01;NV-C-05
NiN-3.0-T-C-PE-NA-MB-VE01-M020-01;NV-E-01
NiN-3.0-T-C-PE-NA-MB-VE01-M020-02;NV-E-01
NiN-3.0-T-C-PE-NA-MB-VF01-M020-01;NV-F-01
NiN-3.0-T-C-PE-NA-MB-VF02-M020-01;NV-F-02
NiN-3.0-T-C-PE-NA-MB-VF02-M020-02;NV-F-02
NiN-3.0-T-C-PE-NA-MB-VF02-M020-03;NV-F-02
NiN-3.0-T-C-PE-NA-MB-VG01-M020-01;NV-G-01
NiN-3.0-T-C-PE-NA-MB-VG01-M020-02;NV-G-01
NiN-3.0-T-C-PE-NA-MB-VG02-M020-01;NV-G-02
NiN-3.0-T-C-PE-NA-MB-VG02-M020-02;NV-G-02
NiN-3.0-T-C-PE-NA-MB-VI01-M020-01;NV-I-01
NiN-3.0-T-C-PE-NA-MB-VI01-M020-02;NV-I-01
NiN-3.0-T-C-PE-NA-MB-VI01-M020-03;NV-I-01
NiN-3.0-T-C-PE-NA-MB-VI01-M020-04;NV-I-01
NiN-3.0-T-C-PE-NA-MB-VK01-M020-01;NV-K-01
NiN-3.0-T-C-PE-NA-MB-VK01-M020-02;NV-K-01
NiN-3.0-T-C-PE-NA-MB-VK02-M020-01;NV-K-02
NiN-3.0-T-C-PE-NA-MB-VK02-M020-02;NV-K-02
NiN-3.0-T-C-PE-NA-MB-VM01-M020-01;NV-M-01
NiN-3.0-T-C-PE-NA-MB-VM01-M020-02;NV-M-01
NiN-3.0-T-C-PE-NA-MB-VM01-M020-03;NV-M-01
NiN-3.0-T-C-PE-NA-MB-VM01-M020-04;NV-M-01
NiN-3.0-T-C-PE-NA-MB-VM01-M020-05;NV-M-01
NiN-3.0-T-C-PE-NA-MB-VM02-M020-01;NV-M-02
NiN-3.0-T-C-PE-NA-MB-VM03-M020-01;NV-M-03
NiN-3.0-T-C-PE-NA-MB-VM04-M020-01;NV-M-04
NiN-3.0-T-C-PE-NA-MB-VM05-M020-01;NV-M-05
NiN-3.0-T-C-PE-NA-MB-VM06-M020-01;NV-M-06
NiN-3.0-T-C-PE-NA-MB-VO01-M020-01;NV-O-01
NiN-3.0-T-C-PE-NA-MB-IA01-M020-01;NI-A-01
NiN-3.0-T-C-PE-NA-MB-IA01-M020-02;NI-A-01
