Type_kode;Hovedtypegruppe_kode;Hovedtype_kode;Langkode
A-LV-BM;FL-A;A-0-0;NiN-3.0-T-A-LV-FL-0-A00-0
A-LV-EL;FL-A;A-0-01;NiN-3.0-T-A-LV-FL-0-A001-0
A-LV-FL;FL-A;A-0-02;NiN-3.0-T-A-LV-FL-0-A002-0
A-LV-IB;FL-A;A-0-03;NiN-3.0-T-A-LV-FL-0-A003-0
A-LV-TM;FL-A;A-0-04;NiN-3.0-T-A-LV-FL-0-A004-0
A-MV-0;FL-A;A-0-05;NiN-3.0-T-A-LV-FL-0-A005-0
C-LI-0;FL-A;A-0-06;NiN-3.0-T-A-LV-FL-0-A006-0
C-PE-LA;FL-A;A-0-07;NiN-3.0-T-A-LV-FL-0-A007-0
C-PE-NA;FL-A;A-0-08;NiN-3.0-T-A-LV-FL-0-A008-0
C-SE-NK;FL-A;A-0-09;NiN-3.0-T-A-LV-FL-0-A009-0
;FL-A;A-0-10;NiN-3.0-T-A-LV-FL-0-A010-0
;FL-B;B-0-0;NiN-3.0-T-A-LV-FL-0-B00-0
;FL-B;B-0-01;NiN-3.0-T-A-LV-FL-0-B001-0
;FL-C;C-0-0;NiN-3.0-T-A-LV-FL-0-C00-0
;FL-C;C-0-01;NiN-3.0-T-A-LV-FL-0-C001-0
;FL-C;C-0-02;NiN-3.0-T-A-LV-FL-0-C002-0
;FL-C;C-0-03;NiN-3.0-T-A-LV-FL-0-C003-0
;FL-C;C-0-04;NiN-3.0-T-A-LV-FL-0-C004-0
;FL-C;C-0-05;NiN-3.0-T-A-LV-FL-0-C005-0
;FL-D;D-0-0;NiN-3.0-T-A-LV-FL-0-D00-0
;FL-D;D-0-01;NiN-3.0-T-A-LV-FL-0-D001-0
;FL-D;D-0-02;NiN-3.0-T-A-LV-FL-0-D002-0
;FL-D;D-0-03;NiN-3.0-T-A-LV-FL-0-D003-0
;FL-D;D-0-04;NiN-3.0-T-A-LV-FL-0-D004-0
;FL-D;D-0-05;NiN-3.0-T-A-LV-FL-0-D005-0
;FL-D;D-0-06;NiN-3.0-T-A-LV-FL-0-D006-0
;FL-D;D-0-07;NiN-3.0-T-A-LV-FL-0-D007-0
;FL-D;D-0-08;NiN-3.0-T-A-LV-FL-0-D008-0
;FL-D;D-0-09;NiN-3.0-T-A-LV-FL-0-D009-0
;FL-D;D-0-10;NiN-3.0-T-A-LV-FL-0-D010-0
;FL-D;D-0-11;NiN-3.0-T-A-LV-FL-0-D011-0
;FL-E;E-0-0;NiN-3.0-T-A-LV-FL-0-E00-0
;FL-E;E-0-01;NiN-3.0-T-A-LV-FL-0-E001-0
;FL-E;E-0-02;NiN-3.0-T-A-LV-FL-0-E002-0
;FL-E;E-0-03;NiN-3.0-T-A-LV-FL-0-E003-0
;FL-E;E-0-04;NiN-3.0-T-A-LV-FL-0-E004-0
;FL-F;F-0-0;NiN-3.0-T-A-LV-FL-0-F00-0
;FL-F;F-0-01;NiN-3.0-T-A-LV-FL-0-F001-0
;FL-F;F-0-02;NiN-3.0-T-A-LV-FL-0-F002-0
;FL-F;F-0-03;NiN-3.0-T-A-LV-FL-0-F003-0
;FL-F;F-0-04;NiN-3.0-T-A-LV-FL-0-F004-0
;FL-F;F-0-05;NiN-3.0-T-A-LV-FL-0-F005-0
;FL-F;F-0-06;NiN-3.0-T-A-LV-FL-0-F006-0
;FL-G;G-0-0;NiN-3.0-T-A-LV-FL-0-G00-0
;FL-G;G-0-01;NiN-3.0-T-A-LV-FL-0-G001-0
;FL-G;G-0-02;NiN-3.0-T-A-LV-FL-0-G002-0
;FL-G;G-0-03;NiN-3.0-T-A-LV-FL-0-G003-0
;FL-G;G-0-04;NiN-3.0-T-A-LV-FL-0-G004-0
;FL-G;G-0-05;NiN-3.0-T-A-LV-FL-0-G005-0
;FL-G;G-0-06;NiN-3.0-T-A-LV-FL-0-G006-0
;FL-G;G-0-07;NiN-3.0-T-A-LV-FL-0-G007-0
;FL-G;G-0-08;NiN-3.0-T-A-LV-FL-0-G008-0
;FL-H;H-0-0;NiN-3.0-T-A-LV-FL-0-H00-0
;FL-H;H-0-01;NiN-3.0-T-A-LV-FL-0-H001-0
;FL-H;H-0-02;NiN-3.0-T-A-LV-FL-0-H002-0
;FL-H;H-0-03;NiN-3.0-T-A-LV-FL-0-H003-0
;FL-H;H-0-04;NiN-3.0-T-A-LV-FL-0-H004-0
;FL-H;H-0-05;NiN-3.0-T-A-LV-FL-0-H005-0
;FL-H;H-0-06;NiN-3.0-T-A-LV-FL-0-H006-0
;FL-H;H-0-07;NiN-3.0-T-A-LV-FL-0-H007-0
;FL-H;H-0-08;NiN-3.0-T-A-LV-FL-0-H008-0
;FL-H;H-0-09;NiN-3.0-T-A-LV-FL-0-H009-0
;FL-H;H-0-10;NiN-3.0-T-A-LV-FL-0-H010-0
;FL-H;H-0-11;NiN-3.0-T-A-LV-FL-0-H011-0
;FL-H;H-0-12;NiN-3.0-T-A-LV-FL-0-H012-0
;FL-H;H-0-13;NiN-3.0-T-A-LV-FL-0-H013-0
;FL-H;H-0-14;NiN-3.0-T-A-LV-FL-0-H014-0
;FL-H;H-0-15;NiN-3.0-T-A-LV-FL-0-H015-0
;FL-H;H-0-16;NiN-3.0-T-A-LV-FL-0-H016-0
;FL-H;H-0-17;NiN-3.0-T-A-LV-FL-0-H017-0
;FL-H;H-0-18;NiN-3.0-T-A-LV-FL-0-H018-0
;FL-H;H-0-19;NiN-3.0-T-A-LV-FL-0-H019-0
;FL-H;H-0-20;NiN-3.0-T-A-LV-FL-0-H020-0
;FL-H;H-0-21;NiN-3.0-T-A-LV-FL-0-H021-0
;FL-H;H-0-22;NiN-3.0-T-A-LV-FL-0-H022-0
;FL-H;H-0-23;NiN-3.0-T-A-LV-FL-0-H023-0
;FL-H;H-0-24;NiN-3.0-T-A-LV-FL-0-H024-0
;FL-H;H-0-25;NiN-3.0-T-A-LV-FL-0-H025-0
;FL-H;H-0-26;NiN-3.0-T-A-LV-FL-0-H026-0
;FL-H;H-0-27;NiN-3.0-T-A-LV-FL-0-H027-0
;FL-H;H-0-28;NiN-3.0-T-A-LV-FL-0-H028-0
;FL-H;H-0-29;NiN-3.0-T-A-LV-FL-0-H029-0
;FL-H;H-0-30;NiN-3.0-T-A-LV-FL-0-H030-0
;FL-I;I-0-0;NiN-3.0-T-A-LV-FL-0-I00-0
;FL-I;I-0-01;NiN-3.0-T-A-LV-FL-0-I001-0
;FL-I;I-0-02;NiN-3.0-T-A-LV-FL-0-I002-0
;FL-I;I-0-03;NiN-3.0-T-A-LV-FL-0-I003-0
;FL-I;I-0-04;NiN-3.0-T-A-LV-FL-0-I004-0
;FL-I;I-0-05;NiN-3.0-T-A-LV-FL-0-I005-0
;FL-I;I-0-06;NiN-3.0-T-A-LV-FL-0-I006-0
;FL-I;I-0-07;NiN-3.0-T-A-LV-FL-0-I007-0
;FL-I;I-0-08;NiN-3.0-T-A-LV-FL-0-I008-0
;FL-I;I-0-09;NiN-3.0-T-A-LV-FL-0-I009-0
;FL-I;I-0-10;NiN-3.0-T-A-LV-FL-0-I010-0
;FL-I;I-0-11;NiN-3.0-T-A-LV-FL-0-I011-0
;FL-I;I-0-12;NiN-3.0-T-A-LV-FL-0-I012-0
;FL-J;J-0-0;NiN-3.0-T-A-LV-FL-0-J00-0
;FL-J;J-0-01;NiN-3.0-T-A-LV-FL-0-J001-0
;FL-J;J-0-02;NiN-3.0-T-A-LV-FL-0-J002-0
;FL-J;J-0-03;NiN-3.0-T-A-LV-FL-0-J003-0
;FL-J;J-0-04;NiN-3.0-T-A-LV-FL-0-J004-0
;FL-K;K-0-0;NiN-3.0-T-A-LV-FL-0-K00-0
;FL-K;K-0-01;NiN-3.0-T-A-LV-FL-0-K001-0
;FL-K;K-0-02;NiN-3.0-T-A-LV-FL-0-K002-0
;FL-K;K-0-03;NiN-3.0-T-A-LV-FL-0-K003-0
;FL-L;L-0-0;NiN-3.0-T-A-LV-FL-0-L00-0
;FL-L;L-0-01;NiN-3.0-T-A-LV-FL-0-L001-0
;FL-L;L-0-02;NiN-3.0-T-A-LV-FL-0-L002-0
;FL-L;L-0-03;NiN-3.0-T-A-LV-FL-0-L003-0
;FL-L;L-0-04;NiN-3.0-T-A-LV-FL-0-L004-0
;FL-L;L-0-05;NiN-3.0-T-A-LV-FL-0-L005-0
;FL-L;L-0-06;NiN-3.0-T-A-LV-FL-0-L006-0
;FL-L;L-0-07;NiN-3.0-T-A-LV-FL-0-L007-0
;FL-L;L-0-08;NiN-3.0-T-A-LV-FL-0-L008-0
;FL-L;L-0-09;NiN-3.0-T-A-LV-FL-0-L009-0
;FL-L;L-0-10;NiN-3.0-T-A-LV-FL-0-L010-0
;FL-M;M-0-0;NiN-3.0-T-A-LV-FL-0-M00-0
;FL-M;M-0-01;NiN-3.0-T-A-LV-FL-0-M001-0
;FL-M;M-0-02;NiN-3.0-T-A-LV-FL-0-M002-0
;FL-M;M-0-03;NiN-3.0-T-A-LV-FL-0-M003-0
;FL-M;M-0-04;NiN-3.0-T-A-LV-FL-0-M004-0
;FL-M;M-0-05;NiN-3.0-T-A-LV-FL-0-M005-0
;FL-M;M-0-06;NiN-3.0-T-A-LV-FL-0-M006-0
;FL-M;M-0-07;NiN-3.0-T-A-LV-FL-0-M007-0
;FL-N;N-0-0;NiN-3.0-T-A-LV-FL-0-N00-0
;FL-N;N-0-01;NiN-3.0-T-A-LV-FL-0-N001-0
;FL-N;N-0-02;NiN-3.0-T-A-LV-FL-0-N002-0
;FL-N;N-0-03;NiN-3.0-T-A-LV-FL-0-N003-0
;FL-N;N-0-04;NiN-3.0-T-A-LV-FL-0-N004-0
;FL-N;N-0-05;NiN-3.0-T-A-LV-FL-0-N005-0
;FL-O;O-0-0;NiN-3.0-T-A-LV-FL-0-O00-0
;FL-O;O-0-01;NiN-3.0-T-A-LV-FL-0-O001-0
;FL-O;O-0-02;NiN-3.0-T-A-LV-FL-0-O002-0
;FL-P;P-0-0;NiN-3.0-T-A-LV-FL-0-P00-0
;FL-P;P-0-01;NiN-3.0-T-A-LV-FL-0-P001-0
;FL-P;P-0-02;NiN-3.0-T-A-LV-FL-0-P002-0
;FL-P;P-0-03;NiN-3.0-T-A-LV-FL-0-P003-0
;FL-P;P-0-04;NiN-3.0-T-A-LV-FL-0-P004-0
;FL-P;P-0-05;NiN-3.0-T-A-LV-FL-0-P005-0
;FL-P;P-0-06;NiN-3.0-T-A-LV-FL-0-P006-0
;FL-P;P-0-07;NiN-3.0-T-A-LV-FL-0-P007-0
;FL-P;P-0-08;NiN-3.0-T-A-LV-FL-0-P008-0
;EL-A;A-0-0;NiN-3.0-T-A-LV-EL-0-A00-0
;EL-A;A-0-01;NiN-3.0-T-A-LV-EL-0-A001-0
;EL-A;A-0-02;NiN-3.0-T-A-LV-EL-0-A002-0
;EL-A;A-0-03;NiN-3.0-T-A-LV-EL-0-A003-0
;EL-B;B-0-0;NiN-3.0-T-A-LV-EL-0-B00-0
;EL-B;B-0-01;NiN-3.0-T-A-LV-EL-0-B001-0
;EL-B;B-0-02;NiN-3.0-T-A-LV-EL-0-B002-0
;EL-B;B-0-03;NiN-3.0-T-A-LV-EL-0-B003-0
;EL-B;B-0-04;NiN-3.0-T-A-LV-EL-0-B004-0
;EL-C;C-0-0;NiN-3.0-T-A-LV-EL-0-C00-0
;EL-C;C-0-01;NiN-3.0-T-A-LV-EL-0-C001-0
;EL-C;C-0-02;NiN-3.0-T-A-LV-EL-0-C002-0
;EL-C;C-0-03;NiN-3.0-T-A-LV-EL-0-C003-0
;EL-D;D-0-0;NiN-3.0-T-A-LV-EL-0-D00-0
;EL-D;D-0-01;NiN-3.0-T-A-LV-EL-0-D001-0
;EL-D;D-0-02;NiN-3.0-T-A-LV-EL-0-D002-0
;EL-D;D-0-03;NiN-3.0-T-A-LV-EL-0-D003-0
;EL-E;E-0-0;NiN-3.0-T-A-LV-EL-0-E00-0
;EL-E;E-0-01;NiN-3.0-T-A-LV-EL-0-E001-0
;EL-E;E-0-02;NiN-3.0-T-A-LV-EL-0-E002-0
;EL-E;E-0-03;NiN-3.0-T-A-LV-EL-0-E003-0
;EL-E;E-0-04;NiN-3.0-T-A-LV-EL-0-E004-0
;EL-F;F-0-0;NiN-3.0-T-A-LV-EL-0-F00-0
;EL-F;F-0-01;NiN-3.0-T-A-LV-EL-0-F001-0
;EL-G;G-0-0;NiN-3.0-T-A-LV-EL-0-G00-0
;EL-G;G-0-01;NiN-3.0-T-A-LV-EL-0-G001-0
;IB-A;A-0-0;NiN-3.0-T-A-LV-IB-0-A00-0
;IB-A;A-0-01;NiN-3.0-T-A-LV-IB-0-A001-0
;IB-A;A-0-02;NiN-3.0-T-A-LV-IB-0-A002-0
;IB-B;B-0-0;NiN-3.0-T-A-LV-IB-0-B00-0
;IB-B;B-0-01;NiN-3.0-T-A-LV-IB-0-B001-0
;IB-B;B-0-02;NiN-3.0-T-A-LV-IB-0-B002-0
;IB-C;C-0-0;NiN-3.0-T-A-LV-IB-0-C00-0
;IB-C;C-0-01;NiN-3.0-T-A-LV-IB-0-C001-0
;IB-C;C-0-02;NiN-3.0-T-A-LV-IB-0-C002-0
;IB-D;D-0-0;NiN-3.0-T-A-LV-IB-0-D00-0
;IB-D;D-0-01;NiN-3.0-T-A-LV-IB-0-D001-0
;IB-D;D-0-02;NiN-3.0-T-A-LV-IB-0-D002-0
;IB-D;D-0-03;NiN-3.0-T-A-LV-IB-0-D003-0
;IB-D;D-0-04;NiN-3.0-T-A-LV-IB-0-D004-0
;IB-D;D-0-05;NiN-3.0-T-A-LV-IB-0-D005-0
;IB-D;D-0-06;NiN-3.0-T-A-LV-IB-0-D006-0
;IB-E;E-0-0;NiN-3.0-T-A-LV-IB-0-E00-0
;IB-E;E-0-01;NiN-3.0-T-A-LV-IB-0-E001-0
;IB-E;E-0-02;NiN-3.0-T-A-LV-IB-0-E002-0
;IB-F;F-0-0;NiN-3.0-T-A-LV-IB-0-F00-0
;IB-F;F-0-01;NiN-3.0-T-A-LV-IB-0-F001-0
;IB-F;F-0-02;NiN-3.0-T-A-LV-IB-0-F002-0
;IB-G;G-0-0;NiN-3.0-T-A-LV-IB-0-G00-0
;IB-G;G-0-01;NiN-3.0-T-A-LV-IB-0-G001-0
;IB-G;G-0-02;NiN-3.0-T-A-LV-IB-0-G002-0
;IB-G;G-0-03;NiN-3.0-T-A-LV-IB-0-G003-0
;IB-G;G-0-04;NiN-3.0-T-A-LV-IB-0-G004-0
;IB-H;H-0-0;NiN-3.0-T-A-LV-IB-0-H00-0
;IB-H;H-0-01;NiN-3.0-T-A-LV-IB-0-H001-0
;IB-I;I-0-0;NiN-3.0-T-A-LV-IB-0-I00-0
;IB-I;I-0-01;NiN-3.0-T-A-LV-IB-0-I001-0
;IB-I;I-0-02;NiN-3.0-T-A-LV-IB-0-I002-0
;IB-I;I-0-03;NiN-3.0-T-A-LV-IB-0-I003-0
;IB-I;I-0-04;NiN-3.0-T-A-LV-IB-0-I004-0
;IB-I;I-0-05;NiN-3.0-T-A-LV-IB-0-I005-0
;IB-I;I-0-06;NiN-3.0-T-A-LV-IB-0-I006-0
;IB-I;I-0-07;NiN-3.0-T-A-LV-IB-0-I007-0
;IB-I;I-0-08;NiN-3.0-T-A-LV-IB-0-I008-0
;IB-I;I-0-09;NiN-3.0-T-A-LV-IB-0-I009-0
;IB-J;J-0-0;NiN-3.0-T-A-LV-IB-0-J00-0
;IB-J;J-0-01;NiN-3.0-T-A-LV-IB-0-J001-0
;IB-K;K-0-0;NiN-3.0-T-A-LV-IB-0-K00-0
;IB-K;K-0-01;NiN-3.0-T-A-LV-IB-0-K001-0
;IB-L;L-0-0;NiN-3.0-T-A-LV-IB-0-L00-0
;IB-L;L-0-01;NiN-3.0-T-A-LV-IB-0-L001-0
;IB-L;L-0-02;NiN-3.0-T-A-LV-IB-0-L002-0
;IB-M;M-0-0;NiN-3.0-T-A-LV-IB-0-M00-0
;IB-M;M-0-01;NiN-3.0-T-A-LV-IB-0-M001-0
;IB-N;N-0-0;NiN-3.0-T-A-LV-IB-0-N00-0
;IB-N;N-0-01;NiN-3.0-T-A-LV-IB-0-N001-0
;IB-N;N-0-02;NiN-3.0-T-A-LV-IB-0-N002-0
;IB-N;N-0-03;NiN-3.0-T-A-LV-IB-0-N003-0
;IB-N;N-0-04;NiN-3.0-T-A-LV-IB-0-N004-0
;TM-A;A-0-0;NiN-3.0-T-A-LV-TM-0-A00-0
;TM-A;A-0-01;NiN-3.0-T-A-LV-TM-0-A001-0
;TM-A;A-0-02;NiN-3.0-T-A-LV-TM-0-A002-0
;TM-B;B-0-0;NiN-3.0-T-A-LV-TM-0-B00-0
;TM-B;B-0-01;NiN-3.0-T-A-LV-TM-0-B001-0
;TM-B;B-0-02;NiN-3.0-T-A-LV-TM-0-B002-0
;TM-B;B-0-03;NiN-3.0-T-A-LV-TM-0-B003-0
;TM-B;B-0-04;NiN-3.0-T-A-LV-TM-0-B004-0
;TM-B;B-0-05;NiN-3.0-T-A-LV-TM-0-B005-0
;TM-C;C-0-0;NiN-3.0-T-A-LV-TM-0-C00-0
;TM-C;C-0-01;NiN-3.0-T-A-LV-TM-0-C001-0
;TM-D;D-0-0;NiN-3.0-T-A-LV-TM-0-D00-0
;TM-D;D-0-01;NiN-3.0-T-A-LV-TM-0-D001-0
;TM-D;D-0-02;NiN-3.0-T-A-LV-TM-0-D002-0
;TM-D;D-0-03;NiN-3.0-T-A-LV-TM-0-D003-0
;TM-E;E-0-0;NiN-3.0-T-A-LV-TM-0-E00-0
;TM-E;E-0-01;NiN-3.0-T-A-LV-TM-0-E001-0
;TM-E;E-0-02;NiN-3.0-T-A-LV-TM-0-E002-0
;TM-E;E-0-03;NiN-3.0-T-A-LV-TM-0-E003-0
;TM-F;F-0-0;NiN-3.0-T-A-LV-TM-0-F00-0
;TM-F;F-0-01;NiN-3.0-T-A-LV-TM-0-F001-0
;TM-G;G-0-0;NiN-3.0-T-A-LV-TM-0-G00-0
;TM-G;G-0-01;NiN-3.0-T-A-LV-TM-0-G001-0
;TM-H;H-0-0;NiN-3.0-T-A-LV-TM-0-H00-0
;TM-H;H-0-01;NiN-3.0-T-A-LV-TM-0-H001-0
;TM-H;H-0-02;NiN-3.0-T-A-LV-TM-0-H002-0
;TM-H;H-0-03;NiN-3.0-T-A-LV-TM-0-H003-0
;TM-H;H-0-04;NiN-3.0-T-A-LV-TM-0-H004-0
;TM-H;H-0-05;NiN-3.0-T-A-LV-TM-0-H005-0
;TM-H;H-0-06;NiN-3.0-T-A-LV-TM-0-H006-0
;BM-A;A-0-0;NiN-3.0-T-A-LV-BM-0-A00-0
;BM-A;A-0-01;NiN-3.0-T-A-LV-BM-0-A001-0
;BM-A;A-0-02;NiN-3.0-T-A-LV-BM-0-A002-0
;BM-A;A-0-03;NiN-3.0-T-A-LV-BM-0-A003-0
;BM-A;A-0-04;NiN-3.0-T-A-LV-BM-0-A004-0
;BM-A;A-0-05;NiN-3.0-T-A-LV-BM-0-A005-0
;BM-A;A-0-06;NiN-3.0-T-A-LV-BM-0-A006-0
;BM-A;A-0-07;NiN-3.0-T-A-LV-BM-0-A007-0
;BM-A;A-0-08;NiN-3.0-T-A-LV-BM-0-A008-0
;BM-A;A-0-09;NiN-3.0-T-A-LV-BM-0-A009-0
;0-A;A-0-0;NiN-3.0-T-A-MV-0-0-A00-0
;0-A;A-0-01;NiN-3.0-T-A-MV-0-0-A001-0
;0-A;A-0-02;NiN-3.0-T-A-MV-0-0-A002-0
;0-A;A-0-03;NiN-3.0-T-A-MV-0-0-A003-0
;0-A;A-0-04;NiN-3.0-T-A-MV-0-0-A004-0
;0-A;A-0-05;NiN-3.0-T-A-MV-0-0-A005-0
;0-B;B-0-0;NiN-3.0-T-A-MV-0-0-B00-0
;0-B;B-0-01;NiN-3.0-T-A-MV-0-0-B001-0
;0-B;B-0-02;NiN-3.0-T-A-MV-0-0-B002-0
;0-B;B-0-03;NiN-3.0-T-A-MV-0-0-B003-0
;0-B;B-0-04;NiN-3.0-T-A-MV-0-0-B004-0
;0-B;B-0-05;NiN-3.0-T-A-MV-0-0-B005-0
;0-B;B-0-06;NiN-3.0-T-A-MV-0-0-B006-0
;0-B;B-0-07;NiN-3.0-T-A-MV-0-0-B007-0
;LA-I;I-0--;NiN-3.0-T-C-PE-LA-0-I0--0
;LA-I;I-0-01;NiN-3.0-T-C-PE-LA-0-I001-0
;LA-I;I-0-01;NiN-3.0-T-C-PE-LA-0-I001-001
;LA-I;I-0-01;NiN-3.0-T-C-PE-LA-0-I001-002
;LA-I;I-0-01;NiN-3.0-T-C-PE-LA-0-I001-003
;LA-I;I-0-01;NiN-3.0-T-C-PE-LA-0-I001-004
;LA-I;I-0-01;NiN-3.0-T-C-PE-LA-0-I001-005
;LA-I;I-0-01;NiN-3.0-T-C-PE-LA-0-I001-006
;LA-I;I-0-01;NiN-3.0-T-C-PE-LA-0-I001-007
;LA-I;I-0-01;NiN-3.0-T-C-PE-LA-0-I001-008
;LA-I;I-0-01;NiN-3.0-T-C-PE-LA-0-I001-009
;LA-I;I-0-01;NiN-3.0-T-C-PE-LA-0-I001-010
;LA-I;I-0-01;NiN-3.0-T-C-PE-LA-0-I001-011
;LA-I;I-0-01;NiN-3.0-T-C-PE-LA-0-I001-012
;LA-I;I-0-01;NiN-3.0-T-C-PE-LA-0-I001-013
;LA-I;I-0-01;NiN-3.0-T-C-PE-LA-0-I001-014
;LA-I;I-0-01;NiN-3.0-T-C-PE-LA-0-I001-015
;LA-I;I-0-01;NiN-3.0-T-C-PE-LA-0-I001-016
;LA-I;I-0-01;NiN-3.0-T-C-PE-LA-0-I001-017
;LA-I;I-0-01;NiN-3.0-T-C-PE-LA-0-I001-018
;LA-I;I-0-01;NiN-3.0-T-C-PE-LA-0-I001-019
;LA-I;I-0-01;NiN-3.0-T-C-PE-LA-0-I001-020
;LA-I;I-0-01;NiN-3.0-T-C-PE-LA-0-I001-021
;LA-I;I-0-01;NiN-3.0-T-C-PE-LA-0-I001-022
;LA-I;I-0-01;NiN-3.0-T-C-PE-LA-0-I001-023
;LA-I;I-0-01;NiN-3.0-T-C-PE-LA-0-I001-024
;LA-I;I-0-01;NiN-3.0-T-C-PE-LA-0-I001-025
;LA-I;I-0-01;NiN-3.0-T-C-PE-LA-0-I001-026
;LA-I;I-0-01;NiN-3.0-T-C-PE-LA-0-I001-027
;LA-I;I-0-01;NiN-3.0-T-C-PE-LA-0-I001-028
;LA-I;I-0-01;NiN-3.0-T-C-PE-LA-0-I001-029
;LA-I;I-0-01;NiN-3.0-T-C-PE-LA-0-I001-030
;LA-I;I-0-01;NiN-3.0-T-C-PE-LA-0-I001-031
;LA-I;I-0-01;NiN-3.0-T-C-PE-LA-0-I001-032
;LA-I;I-0-01;NiN-3.0-T-C-PE-LA-0-I001-033
;LA-I;I-0-01;NiN-3.0-T-C-PE-LA-0-I001-034
;LA-I;I-0-01;NiN-3.0-T-C-PE-LA-0-I001-035
;LA-I;I-0-01;NiN-3.0-T-C-PE-LA-0-I001-036
;LA-I;I-0-01;NiN-3.0-T-C-PE-LA-0-I001-037
;LA-I;I-0-01;NiN-3.0-T-C-PE-LA-0-I001-038
;LA-I;I-0-01;NiN-3.0-T-C-PE-LA-0-I001-039
;LA-I;I-0-01;NiN-3.0-T-C-PE-LA-0-I001-040
;LA-I;I-0-01;NiN-3.0-T-C-PE-LA-0-I001-041
;LA-I;I-0-01;NiN-3.0-T-C-PE-LA-0-I001-042
;LA-I;I-0-01;NiN-3.0-T-C-PE-LA-0-I001-043
;LA-I;I-0-01;NiN-3.0-T-C-PE-LA-0-I001-044
;LA-I;I-0-01;NiN-3.0-T-C-PE-LA-0-I001-045
;LA-I;I-0-01;NiN-3.0-T-C-PE-LA-0-I001-046
;LA-I;I-0-01;NiN-3.0-T-C-PE-LA-0-I001-047
;LA-I;I-0-01;NiN-3.0-T-C-PE-LA-0-I001-048
;LA-I;I-0-01;NiN-3.0-T-C-PE-LA-0-I001-049
;LA-I;I-0-01;NiN-3.0-T-C-PE-LA-0-I001-050
;LA-I;I-0-01;NiN-3.0-T-C-PE-LA-0-I001-051
;LA-I;I-0-01;NiN-3.0-T-C-PE-LA-0-I001-052
;LA-I;I-0-01;NiN-3.0-T-C-PE-LA-0-I001-053
;LA-I;I-0-01;NiN-3.0-T-C-PE-LA-0-I001-054
;LA-I;I-0-02;NiN-3.0-T-C-PE-LA-0-I002-0
;LA-I;I-0-02;NiN-3.0-T-C-PE-LA-0-I002-001
;LA-I;I-0-02;NiN-3.0-T-C-PE-LA-0-I002-002
;LA-I;I-0-02;NiN-3.0-T-C-PE-LA-0-I002-003
;LA-I;I-0-02;NiN-3.0-T-C-PE-LA-0-I002-004
;LA-I;I-0-02;NiN-3.0-T-C-PE-LA-0-I002-005
;LA-I;I-0-02;NiN-3.0-T-C-PE-LA-0-I002-006
;LA-I;I-0-02;NiN-3.0-T-C-PE-LA-0-I002-007
;LA-I;I-0-02;NiN-3.0-T-C-PE-LA-0-I002-008
;LA-I;I-0-02;NiN-3.0-T-C-PE-LA-0-I002-009
;LA-I;I-0-02;NiN-3.0-T-C-PE-LA-0-I002-010
;LA-I;I-0-02;NiN-3.0-T-C-PE-LA-0-I002-011
;LA-I;I-0-02;NiN-3.0-T-C-PE-LA-0-I002-012
;LA-I;I-0-02;NiN-3.0-T-C-PE-LA-0-I002-013
;LA-I;I-0-02;NiN-3.0-T-C-PE-LA-0-I002-014
;LA-I;I-0-02;NiN-3.0-T-C-PE-LA-0-I002-015
;LA-I;I-0-02;NiN-3.0-T-C-PE-LA-0-I002-016
;LA-I;I-0-02;NiN-3.0-T-C-PE-LA-0-I002-017
;LA-I;I-0-02;NiN-3.0-T-C-PE-LA-0-I002-018
;LA-I;I-0-02;NiN-3.0-T-C-PE-LA-0-I002-019
;LA-I;I-0-02;NiN-3.0-T-C-PE-LA-0-I002-020
;LA-I;I-0-02;NiN-3.0-T-C-PE-LA-0-I002-021
;LA-I;I-0-02;NiN-3.0-T-C-PE-LA-0-I002-022
;LA-I;I-0-02;NiN-3.0-T-C-PE-LA-0-I002-023
;LA-I;I-0-02;NiN-3.0-T-C-PE-LA-0-I002-024
;LA-I;I-0-02;NiN-3.0-T-C-PE-LA-0-I002-025
;LA-I;I-0-02;NiN-3.0-T-C-PE-LA-0-I002-026
;LA-I;I-0-02;NiN-3.0-T-C-PE-LA-0-I002-027
;LA-I;I-0-02;NiN-3.0-T-C-PE-LA-0-I002-028
;LA-I;I-0-02;NiN-3.0-T-C-PE-LA-0-I002-029
;LA-I;I-0-02;NiN-3.0-T-C-PE-LA-0-I002-030
;LA-I;I-0-02;NiN-3.0-T-C-PE-LA-0-I002-031
;LA-I;I-0-02;NiN-3.0-T-C-PE-LA-0-I002-032
;LA-I;I-0-02;NiN-3.0-T-C-PE-LA-0-I002-033
;LA-I;I-0-02;NiN-3.0-T-C-PE-LA-0-I002-034
;LA-I;I-0-02;NiN-3.0-T-C-PE-LA-0-I002-035
;LA-I;I-0-02;NiN-3.0-T-C-PE-LA-0-I002-036
;LA-I;I-0-02;NiN-3.0-T-C-PE-LA-0-I002-037
;LA-I;I-0-02;NiN-3.0-T-C-PE-LA-0-I002-038
;LA-I;I-0-02;NiN-3.0-T-C-PE-LA-0-I002-039
;LA-I;I-0-02;NiN-3.0-T-C-PE-LA-0-I002-040
;LA-I;I-0-02;NiN-3.0-T-C-PE-LA-0-I002-041
;LA-I;I-0-02;NiN-3.0-T-C-PE-LA-0-I002-042
;LA-I;I-0-02;NiN-3.0-T-C-PE-LA-0-I002-043
;LA-I;I-0-02;NiN-3.0-T-C-PE-LA-0-I002-044
;LA-I;I-0-02;NiN-3.0-T-C-PE-LA-0-I002-045
;LA-I;I-0-02;NiN-3.0-T-C-PE-LA-0-I002-046
;LA-I;I-0-02;NiN-3.0-T-C-PE-LA-0-I002-047
;LA-I;I-0-02;NiN-3.0-T-C-PE-LA-0-I002-048
;LA-I;I-0-02;NiN-3.0-T-C-PE-LA-0-I002-049
;LA-I;I-0-02;NiN-3.0-T-C-PE-LA-0-I002-050
;LA-I;I-0-02;NiN-3.0-T-C-PE-LA-0-I002-051
;LA-I;I-0-02;NiN-3.0-T-C-PE-LA-0-I002-052
;LA-I;I-0-02;NiN-3.0-T-C-PE-LA-0-I002-053
;LA-I;I-0-02;NiN-3.0-T-C-PE-LA-0-I002-054
;LA-I;I-0-02;NiN-3.0-T-C-PE-LA-0-I002-055
;LA-I;I-0-02;NiN-3.0-T-C-PE-LA-0-I002-056
;LA-I;I-0-02;NiN-3.0-T-C-PE-LA-0-I002-057
;LA-I;I-0-02;NiN-3.0-T-C-PE-LA-0-I002-058
;LA-I;I-0-02;NiN-3.0-T-C-PE-LA-0-I002-059
;LA-I;I-0-02;NiN-3.0-T-C-PE-LA-0-I002-060
;LA-I;I-0-02;NiN-3.0-T-C-PE-LA-0-I002-061
;LA-I;I-0-02;NiN-3.0-T-C-PE-LA-0-I002-062
;LA-I;I-0-02;NiN-3.0-T-C-PE-LA-0-I002-063
;LA-I;I-0-02;NiN-3.0-T-C-PE-LA-0-I002-064
;LA-I;I-0-02;NiN-3.0-T-C-PE-LA-0-I002-065
;LA-I;I-0-02;NiN-3.0-T-C-PE-LA-0-I002-066
;LA-I;I-0-02;NiN-3.0-T-C-PE-LA-0-I002-067
;LA-I;I-0-02;NiN-3.0-T-C-PE-LA-0-I002-068
;LA-I;I-0-02;NiN-3.0-T-C-PE-LA-0-I002-069
;LA-I;I-0-02;NiN-3.0-T-C-PE-LA-0-I002-070
;LA-I;I-0-02;NiN-3.0-T-C-PE-LA-0-I002-071
;LA-I;I-0-02;NiN-3.0-T-C-PE-LA-0-I002-072
;LA-I;I-0-02;NiN-3.0-T-C-PE-LA-0-I002-073
;LA-I;I-0-02;NiN-3.0-T-C-PE-LA-0-I002-074
;LA-I;I-0-02;NiN-3.0-T-C-PE-LA-0-I002-075
;LA-I;I-0-02;NiN-3.0-T-C-PE-LA-0-I002-076
;LA-I;I-0-02;NiN-3.0-T-C-PE-LA-0-I002-077
;LA-I;I-0-02;NiN-3.0-T-C-PE-LA-0-I002-078
;LA-I;I-0-02;NiN-3.0-T-C-PE-LA-0-I002-079
;LA-I;I-0-02;NiN-3.0-T-C-PE-LA-0-I002-080
;LA-I;I-0-02;NiN-3.0-T-C-PE-LA-0-I002-081
;LA-I;I-0-02;NiN-3.0-T-C-PE-LA-0-I002-082
;LA-I;I-0-02;NiN-3.0-T-C-PE-LA-0-I002-083
;LA-I;I-0-02;NiN-3.0-T-C-PE-LA-0-I002-084
;LA-I;I-0-02;NiN-3.0-T-C-PE-LA-0-I002-085
;LA-I;I-0-02;NiN-3.0-T-C-PE-LA-0-I002-086
;LA-I;I-0-02;NiN-3.0-T-C-PE-LA-0-I002-087
;LA-I;I-0-02;NiN-3.0-T-C-PE-LA-0-I002-088
;LA-I;I-0-02;NiN-3.0-T-C-PE-LA-0-I002-089
;LA-I;I-0-02;NiN-3.0-T-C-PE-LA-0-I002-090
;LA-I;I-0-02;NiN-3.0-T-C-PE-LA-0-I002-091
;LA-I;I-0-02;NiN-3.0-T-C-PE-LA-0-I002-092
;LA-I;I-0-02;NiN-3.0-T-C-PE-LA-0-I002-093
;LA-I;I-0-02;NiN-3.0-T-C-PE-LA-0-I002-094
;LA-I;I-0-02;NiN-3.0-T-C-PE-LA-0-I002-095
;LA-I;I-0-02;NiN-3.0-T-C-PE-LA-0-I002-096
;LA-I;I-0-02;NiN-3.0-T-C-PE-LA-0-I002-097
;LA-I;I-0-02;NiN-3.0-T-C-PE-LA-0-I002-098
;LA-I;I-0-02;NiN-3.0-T-C-PE-LA-0-I002-099
;LA-I;I-0-02;NiN-3.0-T-C-PE-LA-0-I002-100
;LA-I;I-0-02;NiN-3.0-T-C-PE-LA-0-I002-101
;LA-I;I-0-02;NiN-3.0-T-C-PE-LA-0-I002-102
;LA-I;I-0-02;NiN-3.0-T-C-PE-LA-0-I002-103
;LA-I;I-0-02;NiN-3.0-T-C-PE-LA-0-I002-104
;LA-I;I-0-03;NiN-3.0-T-C-PE-LA-0-I003-0
;LA-I;I-0-03;NiN-3.0-T-C-PE-LA-0-I003-001
;LA-I;I-0-03;NiN-3.0-T-C-PE-LA-0-I003-002
;LA-I;I-0-03;NiN-3.0-T-C-PE-LA-0-I003-003
;LA-I;I-0-03;NiN-3.0-T-C-PE-LA-0-I003-004
;LA-I;I-0-03;NiN-3.0-T-C-PE-LA-0-I003-005
;LA-I;I-0-03;NiN-3.0-T-C-PE-LA-0-I003-006
;LA-I;I-0-03;NiN-3.0-T-C-PE-LA-0-I003-007
;LA-I;I-0-03;NiN-3.0-T-C-PE-LA-0-I003-008
;LA-I;I-0-03;NiN-3.0-T-C-PE-LA-0-I003-009
;LA-I;I-0-03;NiN-3.0-T-C-PE-LA-0-I003-010
;LA-I;I-0-03;NiN-3.0-T-C-PE-LA-0-I003-011
;LA-I;I-0-03;NiN-3.0-T-C-PE-LA-0-I003-012
;LA-I;I-0-03;NiN-3.0-T-C-PE-LA-0-I003-013
;LA-I;I-0-03;NiN-3.0-T-C-PE-LA-0-I003-014
;LA-I;I-0-03;NiN-3.0-T-C-PE-LA-0-I003-015
;LA-I;I-0-03;NiN-3.0-T-C-PE-LA-0-I003-016
;LA-I;I-0-03;NiN-3.0-T-C-PE-LA-0-I003-017
;LA-I;I-0-03;NiN-3.0-T-C-PE-LA-0-I003-018
;LA-I;I-0-03;NiN-3.0-T-C-PE-LA-0-I003-019
;LA-I;I-0-03;NiN-3.0-T-C-PE-LA-0-I003-020
;LA-I;I-0-03;NiN-3.0-T-C-PE-LA-0-I003-021
;LA-I;I-0-03;NiN-3.0-T-C-PE-LA-0-I003-022
;LA-I;I-0-03;NiN-3.0-T-C-PE-LA-0-I003-023
;LA-I;I-0-03;NiN-3.0-T-C-PE-LA-0-I003-024
;LA-I;I-0-03;NiN-3.0-T-C-PE-LA-0-I003-025
;LA-I;I-0-03;NiN-3.0-T-C-PE-LA-0-I003-026
;LA-I;I-0-03;NiN-3.0-T-C-PE-LA-0-I003-027
;LA-I;I-0-03;NiN-3.0-T-C-PE-LA-0-I003-028
;LA-I;I-0-03;NiN-3.0-T-C-PE-LA-0-I003-029
;LA-I;I-0-03;NiN-3.0-T-C-PE-LA-0-I003-030
;LA-I;I-0-03;NiN-3.0-T-C-PE-LA-0-I003-031
;LA-I;I-0-03;NiN-3.0-T-C-PE-LA-0-I003-032
;LA-I;I-0-03;NiN-3.0-T-C-PE-LA-0-I003-033
;LA-I;I-0-03;NiN-3.0-T-C-PE-LA-0-I003-034
;LA-I;I-0-03;NiN-3.0-T-C-PE-LA-0-I003-035
;LA-I;I-0-03;NiN-3.0-T-C-PE-LA-0-I003-036
;LA-K;K-0--;NiN-3.0-T-C-PE-LA-0-K0--0
;LA-K;K-0-01;NiN-3.0-T-C-PE-LA-0-K001-0
;LA-K;K-0-01;NiN-3.0-T-C-PE-LA-0-K001-001
;LA-K;K-0-02;NiN-3.0-T-C-PE-LA-0-K002-0
;LA-K;K-0-02;NiN-3.0-T-C-PE-LA-0-K002-001
;LA-K;K-0-02;NiN-3.0-T-C-PE-LA-0-K002-002
;LA-K;K-0-02;NiN-3.0-T-C-PE-LA-0-K002-003
;LA-K;K-0-02;NiN-3.0-T-C-PE-LA-0-K002-004
;LA-K;K-0-02;NiN-3.0-T-C-PE-LA-0-K002-005
;LA-K;K-0-02;NiN-3.0-T-C-PE-LA-0-K002-006
;LA-K;K-0-02;NiN-3.0-T-C-PE-LA-0-K002-007
;LA-K;K-0-02;NiN-3.0-T-C-PE-LA-0-K002-008
;LA-K;K-0-02;NiN-3.0-T-C-PE-LA-0-K002-009
;LA-K;K-0-02;NiN-3.0-T-C-PE-LA-0-K002-010
;LA-K;K-0-02;NiN-3.0-T-C-PE-LA-0-K002-011
;LA-K;K-0-02;NiN-3.0-T-C-PE-LA-0-K002-012
;LA-K;K-0-02;NiN-3.0-T-C-PE-LA-0-K002-013
;LA-K;K-0-02;NiN-3.0-T-C-PE-LA-0-K002-014
;LA-K;K-0-02;NiN-3.0-T-C-PE-LA-0-K002-015
;LA-K;K-0-02;NiN-3.0-T-C-PE-LA-0-K002-016
;LA-K;K-0-02;NiN-3.0-T-C-PE-LA-0-K002-017
;LA-K;K-0-02;NiN-3.0-T-C-PE-LA-0-K002-018
;LA-K;K-0-02;NiN-3.0-T-C-PE-LA-0-K002-019
;LA-K;K-0-02;NiN-3.0-T-C-PE-LA-0-K002-020
;LA-K;K-0-02;NiN-3.0-T-C-PE-LA-0-K002-021
;LA-K;K-0-02;NiN-3.0-T-C-PE-LA-0-K002-022
;LA-K;K-0-02;NiN-3.0-T-C-PE-LA-0-K002-023
;LA-K;K-0-02;NiN-3.0-T-C-PE-LA-0-K002-024
;LA-K;K-0-02;NiN-3.0-T-C-PE-LA-0-K002-025
;LA-K;K-0-02;NiN-3.0-T-C-PE-LA-0-K002-026
;LA-K;K-0-03;NiN-3.0-T-C-PE-LA-0-K003-0
;LA-K;K-0-03;NiN-3.0-T-C-PE-LA-0-K003-001
;LA-K;K-0-03;NiN-3.0-T-C-PE-LA-0-K003-002
;LA-K;K-0-03;NiN-3.0-T-C-PE-LA-0-K003-003
;LA-K;K-0-03;NiN-3.0-T-C-PE-LA-0-K003-004
;LA-K;K-0-03;NiN-3.0-T-C-PE-LA-0-K003-005
;LA-K;K-0-03;NiN-3.0-T-C-PE-LA-0-K003-006
;LA-K;K-0-03;NiN-3.0-T-C-PE-LA-0-K003-007
;LA-K;K-0-03;NiN-3.0-T-C-PE-LA-0-K003-008
;LA-K;K-0-03;NiN-3.0-T-C-PE-LA-0-K003-009
;LA-K;K-0-03;NiN-3.0-T-C-PE-LA-0-K003-010
;LA-K;K-0-03;NiN-3.0-T-C-PE-LA-0-K003-011
;LA-K;K-0-03;NiN-3.0-T-C-PE-LA-0-K003-012
;LA-K;K-0-03;NiN-3.0-T-C-PE-LA-0-K003-013
;LA-K;K-0-03;NiN-3.0-T-C-PE-LA-0-K003-014
;LA-K;K-0-03;NiN-3.0-T-C-PE-LA-0-K003-015
;LA-K;K-0-03;NiN-3.0-T-C-PE-LA-0-K003-016
;LA-K;K-0-03;NiN-3.0-T-C-PE-LA-0-K003-017
;LA-K;K-0-03;NiN-3.0-T-C-PE-LA-0-K003-018
;LA-K;K-0-03;NiN-3.0-T-C-PE-LA-0-K003-019
;LA-K;K-0-03;NiN-3.0-T-C-PE-LA-0-K003-020
;LA-K;K-0-03;NiN-3.0-T-C-PE-LA-0-K003-021
;LA-K;K-0-03;NiN-3.0-T-C-PE-LA-0-K003-022
;LA-K;K-0-03;NiN-3.0-T-C-PE-LA-0-K003-023
;LA-K;K-0-03;NiN-3.0-T-C-PE-LA-0-K003-024
;LA-K;K-0-03;NiN-3.0-T-C-PE-LA-0-K003-025
;LA-K;K-0-03;NiN-3.0-T-C-PE-LA-0-K003-026
;LA-K;K-0-03;NiN-3.0-T-C-PE-LA-0-K003-027
;LA-K;K-0-03;NiN-3.0-T-C-PE-LA-0-K003-028
;LA-K;K-0-03;NiN-3.0-T-C-PE-LA-0-K003-029
;LA-K;K-0-03;NiN-3.0-T-C-PE-LA-0-K003-030
;LA-K;K-0-03;NiN-3.0-T-C-PE-LA-0-K003-031
;LA-K;K-0-03;NiN-3.0-T-C-PE-LA-0-K003-032
;LA-K;K-0-03;NiN-3.0-T-C-PE-LA-0-K003-033
;LA-K;K-0-03;NiN-3.0-T-C-PE-LA-0-K003-034
;LA-K;K-0-03;NiN-3.0-T-C-PE-LA-0-K003-035
;LA-K;K-0-03;NiN-3.0-T-C-PE-LA-0-K003-036
;LA-K;K-0-03;NiN-3.0-T-C-PE-LA-0-K003-037
;LA-K;K-0-03;NiN-3.0-T-C-PE-LA-0-K003-038
;LA-K;K-0-03;NiN-3.0-T-C-PE-LA-0-K003-039
;LA-K;K-0-03;NiN-3.0-T-C-PE-LA-0-K003-040
;LA-K;K-0-03;NiN-3.0-T-C-PE-LA-0-K003-041
;LA-K;K-0-03;NiN-3.0-T-C-PE-LA-0-K003-042
;LA-K;K-0-03;NiN-3.0-T-C-PE-LA-0-K003-043
;LA-K;K-0-03;NiN-3.0-T-C-PE-LA-0-K003-044
;LA-K;K-0-03;NiN-3.0-T-C-PE-LA-0-K003-045
;LA-K;K-0-03;NiN-3.0-T-C-PE-LA-0-K003-046
;LA-K;K-0-03;NiN-3.0-T-C-PE-LA-0-K003-047
;LA-K;K-0-03;NiN-3.0-T-C-PE-LA-0-K003-048
;LA-K;K-0-03;NiN-3.0-T-C-PE-LA-0-K003-049
;LA-K;K-0-03;NiN-3.0-T-C-PE-LA-0-K003-050
;LA-K;K-0-03;NiN-3.0-T-C-PE-LA-0-K003-051
;LA-K;K-0-03;NiN-3.0-T-C-PE-LA-0-K003-052
;LA-K;K-0-03;NiN-3.0-T-C-PE-LA-0-K003-053
;LA-K;K-0-03;NiN-3.0-T-C-PE-LA-0-K003-054
;LA-K;K-0-03;NiN-3.0-T-C-PE-LA-0-K003-055
;LA-K;K-0-03;NiN-3.0-T-C-PE-LA-0-K003-056
;LA-K;K-0-03;NiN-3.0-T-C-PE-LA-0-K003-057
;LA-K;K-0-03;NiN-3.0-T-C-PE-LA-0-K003-058
;LA-K;K-0-03;NiN-3.0-T-C-PE-LA-0-K003-059
;LA-K;K-0-03;NiN-3.0-T-C-PE-LA-0-K003-060
;LA-K;K-0-03;NiN-3.0-T-C-PE-LA-0-K003-061
;LA-K;K-0-03;NiN-3.0-T-C-PE-LA-0-K003-062
;LA-K;K-0-03;NiN-3.0-T-C-PE-LA-0-K003-063
;LA-M;M-0--;NiN-3.0-T-C-PE-LA-0-M0--0
;LA-M;M-0-01;NiN-3.0-T-C-PE-LA-0-M001-0
;LA-M;M-0-02;NiN-3.0-T-C-PE-LA-0-M002-0
;LA-M;M-0-03;NiN-3.0-T-C-PE-LA-0-M003-0
;NA-M;M-0-0;NiN-3.0-T-C-PE-NA-MB-M00-0
;NA-M;M-A-01;NiN-3.0-T-C-PE-NA-MB-MA01-0
;NA-M;M-A-01;NiN-3.0-T-C-PE-NA-MB-MA01-01
;NA-M;M-A-01;NiN-3.0-T-C-PE-NA-MB-MA01-02
;NA-M;M-A-01;NiN-3.0-T-C-PE-NA-MB-MA01-03
;NA-M;M-A-01;NiN-3.0-T-C-PE-NA-MB-MA01-04
;NA-M;M-A-01;NiN-3.0-T-C-PE-NA-MB-MA01-05
;NA-M;M-A-01;NiN-3.0-T-C-PE-NA-MB-MA01-06
;NA-M;M-A-01;NiN-3.0-T-C-PE-NA-MB-MA01-07
;NA-M;M-A-01;NiN-3.0-T-C-PE-NA-MB-MA01-08
;NA-M;M-A-01;NiN-3.0-T-C-PE-NA-MB-MA01-09
;NA-M;M-A-01;NiN-3.0-T-C-PE-NA-MB-MA01-10
;NA-M;M-A-01;NiN-3.0-T-C-PE-NA-MB-MA01-11
;NA-M;M-A-01;NiN-3.0-T-C-PE-NA-MB-MA01-12
;NA-M;M-A-01;NiN-3.0-T-C-PE-NA-MB-MA01-13
;NA-M;M-A-01;NiN-3.0-T-C-PE-NA-MB-MA01-14
;NA-M;M-A-01;NiN-3.0-T-C-PE-NA-MB-MA01-15
;NA-M;M-A-02;NiN-3.0-T-C-PE-NA-MB-MA02-0
;NA-M;M-A-02;NiN-3.0-T-C-PE-NA-MB-MA02-01
;NA-M;M-A-02;NiN-3.0-T-C-PE-NA-MB-MA02-02
;NA-M;M-A-02;NiN-3.0-T-C-PE-NA-MB-MA02-03
;NA-M;M-A-02;NiN-3.0-T-C-PE-NA-MB-MA02-04
;NA-M;M-A-02;NiN-3.0-T-C-PE-NA-MB-MA02-05
;NA-M;M-A-02;NiN-3.0-T-C-PE-NA-MB-MA02-06
;NA-M;M-A-02;NiN-3.0-T-C-PE-NA-MB-MA02-07
;NA-M;M-A-02;NiN-3.0-T-C-PE-NA-MB-MA02-08
;NA-M;M-A-02;NiN-3.0-T-C-PE-NA-MB-MA02-09
;NA-M;M-A-02;NiN-3.0-T-C-PE-NA-MB-MA02-10
;NA-M;M-A-02;NiN-3.0-T-C-PE-NA-MB-MA02-11
;NA-M;M-A-02;NiN-3.0-T-C-PE-NA-MB-MA02-12
;NA-M;M-A-02;NiN-3.0-T-C-PE-NA-MB-MA02-13
;NA-M;M-A-02;NiN-3.0-T-C-PE-NA-MB-MA02-14
;NA-M;M-A-02;NiN-3.0-T-C-PE-NA-MB-MA02-15
;NA-M;M-A-02;NiN-3.0-T-C-PE-NA-MB-MA02-16
;NA-M;M-A-02;NiN-3.0-T-C-PE-NA-MB-MA02-17
;NA-M;M-A-02;NiN-3.0-T-C-PE-NA-MB-MA02-18
;NA-M;M-A-02;NiN-3.0-T-C-PE-NA-MB-MA02-19
;NA-M;M-A-02;NiN-3.0-T-C-PE-NA-MB-MA02-20
;NA-M;M-A-03;NiN-3.0-T-C-PE-NA-MB-MA03-0
;NA-M;M-A-03;NiN-3.0-T-C-PE-NA-MB-MA03-01
;NA-M;M-A-03;NiN-3.0-T-C-PE-NA-MB-MA03-02
;NA-M;M-A-03;NiN-3.0-T-C-PE-NA-MB-MA03-03
;NA-M;M-A-03;NiN-3.0-T-C-PE-NA-MB-MA03-04
;NA-M;M-A-03;NiN-3.0-T-C-PE-NA-MB-MA03-05
;NA-M;M-A-03;NiN-3.0-T-C-PE-NA-MB-MA03-06
;NA-M;M-A-03;NiN-3.0-T-C-PE-NA-MB-MA03-07
;NA-M;M-A-03;NiN-3.0-T-C-PE-NA-MB-MA03-08
;NA-M;M-A-03;NiN-3.0-T-C-PE-NA-MB-MA03-09
;NA-M;M-A-03;NiN-3.0-T-C-PE-NA-MB-MA03-10
;NA-M;M-A-03;NiN-3.0-T-C-PE-NA-MB-MA03-11
;NA-M;M-A-04;NiN-3.0-T-C-PE-NA-MB-MA04-0
;NA-M;M-A-04;NiN-3.0-T-C-PE-NA-MB-MA04-01
;NA-M;M-A-04;NiN-3.0-T-C-PE-NA-MB-MA04-02
;NA-M;M-A-04;NiN-3.0-T-C-PE-NA-MB-MA04-03
;NA-M;M-A-04;NiN-3.0-T-C-PE-NA-MB-MA04-04
;NA-M;M-A-04;NiN-3.0-T-C-PE-NA-MB-MA04-05
;NA-M;M-A-04;NiN-3.0-T-C-PE-NA-MB-MA04-06
;NA-M;M-A-04;NiN-3.0-T-C-PE-NA-MB-MA04-07
;NA-M;M-A-04;NiN-3.0-T-C-PE-NA-MB-MA04-08
;NA-M;M-A-04;NiN-3.0-T-C-PE-NA-MB-MA04-09
;NA-M;M-A-04;NiN-3.0-T-C-PE-NA-MB-MA04-10
;NA-M;M-A-04;NiN-3.0-T-C-PE-NA-MB-MA04-11
;NA-M;M-A-04;NiN-3.0-T-C-PE-NA-MB-MA04-12
;NA-M;M-A-05;NiN-3.0-T-C-PE-NA-MB-MA05-0
;NA-M;M-A-05;NiN-3.0-T-C-PE-NA-MB-MA05-01
;NA-M;M-A-05;NiN-3.0-T-C-PE-NA-MB-MA05-02
;NA-M;M-A-05;NiN-3.0-T-C-PE-NA-MB-MA05-03
;NA-M;M-A-05;NiN-3.0-T-C-PE-NA-MB-MA05-04
;NA-M;M-A-05;NiN-3.0-T-C-PE-NA-MB-MA05-05
;NA-M;M-A-05;NiN-3.0-T-C-PE-NA-MB-MA05-06
;NA-M;M-A-05;NiN-3.0-T-C-PE-NA-MB-MA05-07
;NA-M;M-A-05;NiN-3.0-T-C-PE-NA-MB-MA05-08
;NA-M;M-A-05;NiN-3.0-T-C-PE-NA-MB-MA05-09
;NA-M;M-A-05;NiN-3.0-T-C-PE-NA-MB-MA05-10
;NA-M;M-A-05;NiN-3.0-T-C-PE-NA-MB-MA05-11
;NA-M;M-A-05;NiN-3.0-T-C-PE-NA-MB-MA05-12
;NA-M;M-A-05;NiN-3.0-T-C-PE-NA-MB-MA05-13
;NA-M;M-A-05;NiN-3.0-T-C-PE-NA-MB-MA05-14
;NA-M;M-A-05;NiN-3.0-T-C-PE-NA-MB-MA05-15
;NA-M;M-A-05;NiN-3.0-T-C-PE-NA-MB-MA05-16
;NA-M;M-A-06;NiN-3.0-T-C-PE-NA-MB-MA06-0
;NA-M;M-A-06;NiN-3.0-T-C-PE-NA-MB-MA06-01
;NA-M;M-A-06;NiN-3.0-T-C-PE-NA-MB-MA06-02
;NA-M;M-A-06;NiN-3.0-T-C-PE-NA-MB-MA06-03
;NA-M;M-A-06;NiN-3.0-T-C-PE-NA-MB-MA06-04
;NA-M;M-A-06;NiN-3.0-T-C-PE-NA-MB-MA06-05
;NA-M;M-A-06;NiN-3.0-T-C-PE-NA-MB-MA06-06
;NA-M;M-A-06;NiN-3.0-T-C-PE-NA-MB-MA06-07
;NA-M;M-A-06;NiN-3.0-T-C-PE-NA-MB-MA06-08
;NA-M;M-A-06;NiN-3.0-T-C-PE-NA-MB-MA06-09
;NA-M;M-A-06;NiN-3.0-T-C-PE-NA-MB-MA06-10
;NA-M;M-A-06;NiN-3.0-T-C-PE-NA-MB-MA06-11
;NA-M;M-A-06;NiN-3.0-T-C-PE-NA-MB-MA06-12
;NA-M;M-A-06;NiN-3.0-T-C-PE-NA-MB-MA06-13
;NA-M;M-A-06;NiN-3.0-T-C-PE-NA-MB-MA06-14
;NA-M;M-A-06;NiN-3.0-T-C-PE-NA-MB-MA06-15
;NA-M;M-A-06;NiN-3.0-T-C-PE-NA-MB-MA06-16
;NA-M;M-A-06;NiN-3.0-T-C-PE-NA-MB-MA06-17
;NA-M;M-A-06;NiN-3.0-T-C-PE-NA-MB-MA06-18
;NA-M;M-A-06;NiN-3.0-T-C-PE-NA-MB-MA06-19
;NA-M;M-A-06;NiN-3.0-T-C-PE-NA-MB-MA06-20
;NA-M;M-A-06;NiN-3.0-T-C-PE-NA-MB-MA06-21
;NA-M;M-A-06;NiN-3.0-T-C-PE-NA-MB-MA06-22
;NA-M;M-A-06;NiN-3.0-T-C-PE-NA-MB-MA06-23
;NA-M;M-A-06;NiN-3.0-T-C-PE-NA-MB-MA06-24
;NA-M;M-A-06;NiN-3.0-T-C-PE-NA-MB-MA06-25
;NA-M;M-A-06;NiN-3.0-T-C-PE-NA-MB-MA06-26
;NA-M;M-A-06;NiN-3.0-T-C-PE-NA-MB-MA06-27
;NA-M;M-A-06;NiN-3.0-T-C-PE-NA-MB-MA06-28
;NA-M;M-A-06;NiN-3.0-T-C-PE-NA-MB-MA06-29
;NA-M;M-A-06;NiN-3.0-T-C-PE-NA-MB-MA06-30
;NA-M;M-A-06;NiN-3.0-T-C-PE-NA-MB-MA06-31
;NA-M;M-B-01;NiN-3.0-T-C-PE-NA-MB-MB01-0
;NA-M;M-B-01;NiN-3.0-T-C-PE-NA-MB-MB01-01
;NA-M;M-B-01;NiN-3.0-T-C-PE-NA-MB-MB01-02
;NA-M;M-B-01;NiN-3.0-T-C-PE-NA-MB-MB01-03
;NA-M;M-B-01;NiN-3.0-T-C-PE-NA-MB-MB01-04
;NA-M;M-B-01;NiN-3.0-T-C-PE-NA-MB-MB01-05
;NA-M;M-B-02;NiN-3.0-T-C-PE-NA-MB-MB02-0
;NA-M;M-B-02;NiN-3.0-T-C-PE-NA-MB-MB02-01
;NA-M;M-B-02;NiN-3.0-T-C-PE-NA-MB-MB02-02
;NA-M;M-B-03;NiN-3.0-T-C-PE-NA-MB-MB03-0
;NA-M;M-B-03;NiN-3.0-T-C-PE-NA-MB-MB03-01
;NA-M;M-B-03;NiN-3.0-T-C-PE-NA-MB-MB03-02
;NA-M;M-C-01;NiN-3.0-T-C-PE-NA-MB-MC01-0
;NA-M;M-C-01;NiN-3.0-T-C-PE-NA-MB-MC01-01
;NA-M;M-C-01;NiN-3.0-T-C-PE-NA-MB-MC01-02
;NA-M;M-C-01;NiN-3.0-T-C-PE-NA-MB-MC01-03
;NA-M;M-C-01;NiN-3.0-T-C-PE-NA-MB-MC01-04
;NA-M;M-C-01;NiN-3.0-T-C-PE-NA-MB-MC01-05
;NA-M;M-C-02;NiN-3.0-T-C-PE-NA-MB-MC02-0
;NA-M;M-C-02;NiN-3.0-T-C-PE-NA-MB-MC02-01
;NA-M;M-C-02;NiN-3.0-T-C-PE-NA-MB-MC02-02
;NA-M;M-C-02;NiN-3.0-T-C-PE-NA-MB-MC02-03
;NA-M;M-C-02;NiN-3.0-T-C-PE-NA-MB-MC02-04
;NA-M;M-C-02;NiN-3.0-T-C-PE-NA-MB-MC02-05
;NA-M;M-C-02;NiN-3.0-T-C-PE-NA-MB-MC02-06
;NA-M;M-C-02;NiN-3.0-T-C-PE-NA-MB-MC02-07
;NA-M;M-C-02;NiN-3.0-T-C-PE-NA-MB-MC02-08
;NA-M;M-C-02;NiN-3.0-T-C-PE-NA-MB-MC02-09
;NA-M;M-C-02;NiN-3.0-T-C-PE-NA-MB-MC02-10
;NA-M;M-C-02;NiN-3.0-T-C-PE-NA-MB-MC02-11
;NA-M;M-C-02;NiN-3.0-T-C-PE-NA-MB-MC02-12
;NA-M;M-C-02;NiN-3.0-T-C-PE-NA-MB-MC02-13
;NA-M;M-C-03;NiN-3.0-T-C-PE-NA-MB-MC03-0
;NA-M;M-C-03;NiN-3.0-T-C-PE-NA-MB-MC03-01
;NA-M;M-C-03;NiN-3.0-T-C-PE-NA-MB-MC03-02
;NA-M;M-C-03;NiN-3.0-T-C-PE-NA-MB-MC03-03
;NA-M;M-C-03;NiN-3.0-T-C-PE-NA-MB-MC03-04
;NA-M;M-C-04;NiN-3.0-T-C-PE-NA-MB-MC04-0
;NA-M;M-C-04;NiN-3.0-T-C-PE-NA-MB-MC04-01
;NA-M;M-C-04;NiN-3.0-T-C-PE-NA-MB-MC04-02
;NA-M;M-C-04;NiN-3.0-T-C-PE-NA-MB-MC04-03
;NA-M;M-C-04;NiN-3.0-T-C-PE-NA-MB-MC04-04
;NA-M;M-C-04;NiN-3.0-T-C-PE-NA-MB-MC04-05
;NA-M;M-C-04;NiN-3.0-T-C-PE-NA-MB-MC04-06
;NA-M;M-C-04;NiN-3.0-T-C-PE-NA-MB-MC04-07
;NA-M;M-C-04;NiN-3.0-T-C-PE-NA-MB-MC04-08
;NA-M;M-C-04;NiN-3.0-T-C-PE-NA-MB-MC04-09
;NA-M;M-C-04;NiN-3.0-T-C-PE-NA-MB-MC04-10
;NA-M;M-C-05;NiN-3.0-T-C-PE-NA-MB-MC05-0
;NA-M;M-C-05;NiN-3.0-T-C-PE-NA-MB-MC05-01
;NA-M;M-C-05;NiN-3.0-T-C-PE-NA-MB-MC05-02
;NA-M;M-C-05;NiN-3.0-T-C-PE-NA-MB-MC05-03
;NA-M;M-C-05;NiN-3.0-T-C-PE-NA-MB-MC05-04
;NA-M;M-C-05;NiN-3.0-T-C-PE-NA-MB-MC05-05
;NA-M;M-C-06;NiN-3.0-T-C-PE-NA-MB-MC06-0
;NA-M;M-C-06;NiN-3.0-T-C-PE-NA-MB-MC06-01
;NA-M;M-C-06;NiN-3.0-T-C-PE-NA-MB-MC06-02
;NA-M;M-C-06;NiN-3.0-T-C-PE-NA-MB-MC06-03
;NA-M;M-C-06;NiN-3.0-T-C-PE-NA-MB-MC06-04
;NA-M;M-C-06;NiN-3.0-T-C-PE-NA-MB-MC06-05
;NA-M;M-C-07;NiN-3.0-T-C-PE-NA-MB-MC07-0
;NA-M;M-C-07;NiN-3.0-T-C-PE-NA-MB-MC07-01
;NA-M;M-C-07;NiN-3.0-T-C-PE-NA-MB-MC07-02
;NA-M;M-C-07;NiN-3.0-T-C-PE-NA-MB-MC07-03
;NA-M;M-C-08;NiN-3.0-T-C-PE-NA-MB-MC08-0
;NA-M;M-C-08;NiN-3.0-T-C-PE-NA-MB-MC08-01
;NA-M;M-C-08;NiN-3.0-T-C-PE-NA-MB-MC08-02
;NA-M;M-C-08;NiN-3.0-T-C-PE-NA-MB-MC08-03
;NA-M;M-C-08;NiN-3.0-T-C-PE-NA-MB-MC08-04
;NA-M;M-C-09;NiN-3.0-T-C-PE-NA-MB-MC09-0
;NA-M;M-C-09;NiN-3.0-T-C-PE-NA-MB-MC09-01
;NA-M;M-C-09;NiN-3.0-T-C-PE-NA-MB-MC09-02
;NA-M;M-C-10;NiN-3.0-T-C-PE-NA-MB-MC10-0
;NA-M;M-C-10;NiN-3.0-T-C-PE-NA-MB-MC10-01
;NA-M;M-F-01;NiN-3.0-T-C-PE-NA-MB-MF01-0
;NA-M;M-F-01;NiN-3.0-T-C-PE-NA-MB-MF01-01
;NA-M;M-F-01;NiN-3.0-T-C-PE-NA-MB-MF01-02
;NA-M;M-J-01;NiN-3.0-T-C-PE-NA-MB-MJ01-0
;NA-M;M-J-01;NiN-3.0-T-C-PE-NA-MB-MJ01-01
;NA-M;M-M-01;NiN-3.0-T-C-PE-NA-MB-MM01-0
;NA-M;M-M-01;NiN-3.0-T-C-PE-NA-MB-MM01-01
;NA-M;M-M-01;NiN-3.0-T-C-PE-NA-MB-MM01-02
;NA-M;M-M-01;NiN-3.0-T-C-PE-NA-MB-MM01-03
;NA-M;M-M-01;NiN-3.0-T-C-PE-NA-MB-MM01-04
;NA-M;M-M-01;NiN-3.0-T-C-PE-NA-MB-MM01-05
;NA-M;M-M-01;NiN-3.0-T-C-PE-NA-MB-MM01-06
;NA-M;M-M-02;NiN-3.0-T-C-PE-NA-MB-MM02-0
;NA-M;M-M-02;NiN-3.0-T-C-PE-NA-MB-MM02-01
;NA-M;M-M-02;NiN-3.0-T-C-PE-NA-MB-MM02-02
;NA-L;L-0-0;NiN-3.0-T-C-PE-NA-MB-L00-0
;NA-L;L-A-01;NiN-3.0-T-C-PE-NA-MB-LA01-0
;NA-L;L-A-01;NiN-3.0-T-C-PE-NA-MB-LA01-01
;NA-L;L-A-01;NiN-3.0-T-C-PE-NA-MB-LA01-02
;NA-L;L-A-01;NiN-3.0-T-C-PE-NA-MB-LA01-03
;NA-L;L-A-01;NiN-3.0-T-C-PE-NA-MB-LA01-04
;NA-L;L-A-01;NiN-3.0-T-C-PE-NA-MB-LA01-05
;NA-L;L-A-01;NiN-3.0-T-C-PE-NA-MB-LA01-06
;NA-L;L-A-01;NiN-3.0-T-C-PE-NA-MB-LA01-07
;NA-L;L-A-01;NiN-3.0-T-C-PE-NA-MB-LA01-08
;NA-L;L-A-01;NiN-3.0-T-C-PE-NA-MB-LA01-09
;NA-L;L-A-01;NiN-3.0-T-C-PE-NA-MB-LA01-10
;NA-L;L-A-01;NiN-3.0-T-C-PE-NA-MB-LA01-11
;NA-L;L-A-01;NiN-3.0-T-C-PE-NA-MB-LA01-12
;NA-L;L-A-01;NiN-3.0-T-C-PE-NA-MB-LA01-13
;NA-L;L-A-02;NiN-3.0-T-C-PE-NA-MB-LA02-0
;NA-L;L-A-02;NiN-3.0-T-C-PE-NA-MB-LA02-01
;NA-L;L-A-02;NiN-3.0-T-C-PE-NA-MB-LA02-02
;NA-L;L-A-02;NiN-3.0-T-C-PE-NA-MB-LA02-03
;NA-L;L-A-02;NiN-3.0-T-C-PE-NA-MB-LA02-04
;NA-L;L-A-02;NiN-3.0-T-C-PE-NA-MB-LA02-05
;NA-L;L-A-02;NiN-3.0-T-C-PE-NA-MB-LA02-06
;NA-L;L-A-02;NiN-3.0-T-C-PE-NA-MB-LA02-07
;NA-L;L-A-02;NiN-3.0-T-C-PE-NA-MB-LA02-08
;NA-L;L-A-02;NiN-3.0-T-C-PE-NA-MB-LA02-09
;NA-L;L-A-02;NiN-3.0-T-C-PE-NA-MB-LA02-10
;NA-L;L-A-02;NiN-3.0-T-C-PE-NA-MB-LA02-11
;NA-L;L-A-02;NiN-3.0-T-C-PE-NA-MB-LA02-12
;NA-L;L-A-02;NiN-3.0-T-C-PE-NA-MB-LA02-13
;NA-L;L-A-02;NiN-3.0-T-C-PE-NA-MB-LA02-14
;NA-L;L-A-02;NiN-3.0-T-C-PE-NA-MB-LA02-15
;NA-L;L-A-02;NiN-3.0-T-C-PE-NA-MB-LA02-16
;NA-L;L-A-02;NiN-3.0-T-C-PE-NA-MB-LA02-17
;NA-L;L-A-02;NiN-3.0-T-C-PE-NA-MB-LA02-18
;NA-L;L-A-02;NiN-3.0-T-C-PE-NA-MB-LA02-19
;NA-L;L-A-02;NiN-3.0-T-C-PE-NA-MB-LA02-20
;NA-L;L-A-02;NiN-3.0-T-C-PE-NA-MB-LA02-21
;NA-L;L-A-02;NiN-3.0-T-C-PE-NA-MB-LA02-22
;NA-L;L-A-02;NiN-3.0-T-C-PE-NA-MB-LA02-23
;NA-L;L-A-02;NiN-3.0-T-C-PE-NA-MB-LA02-24
;NA-L;L-A-02;NiN-3.0-T-C-PE-NA-MB-LA02-25
;NA-L;L-A-02;NiN-3.0-T-C-PE-NA-MB-LA02-26
;NA-L;L-A-02;NiN-3.0-T-C-PE-NA-MB-LA02-27
;NA-L;L-A-02;NiN-3.0-T-C-PE-NA-MB-LA02-28
;NA-L;L-A-02;NiN-3.0-T-C-PE-NA-MB-LA02-29
;NA-L;L-A-02;NiN-3.0-T-C-PE-NA-MB-LA02-30
;NA-L;L-A-02;NiN-3.0-T-C-PE-NA-MB-LA02-31
;NA-L;L-A-02;NiN-3.0-T-C-PE-NA-MB-LA02-32
;NA-L;L-A-03;NiN-3.0-T-C-PE-NA-MB-LA03-0
;NA-L;L-A-03;NiN-3.0-T-C-PE-NA-MB-LA03-01
;NA-L;L-A-03;NiN-3.0-T-C-PE-NA-MB-LA03-02
;NA-L;L-A-03;NiN-3.0-T-C-PE-NA-MB-LA03-03
;NA-L;L-A-03;NiN-3.0-T-C-PE-NA-MB-LA03-04
;NA-L;L-B-01;NiN-3.0-T-C-PE-NA-MB-LB01-0
;NA-L;L-B-01;NiN-3.0-T-C-PE-NA-MB-LB01-01
;NA-L;L-B-01;NiN-3.0-T-C-PE-NA-MB-LB01-02
;NA-L;L-B-01;NiN-3.0-T-C-PE-NA-MB-LB01-03
;NA-L;L-B-02;NiN-3.0-T-C-PE-NA-MB-LB02-0
;NA-L;L-B-02;NiN-3.0-T-C-PE-NA-MB-LB02-01
;NA-L;L-B-02;NiN-3.0-T-C-PE-NA-MB-LB02-02
;NA-L;L-B-02;NiN-3.0-T-C-PE-NA-MB-LB02-03
;NA-L;L-C-01;NiN-3.0-T-C-PE-NA-MB-LC01-0
;NA-L;L-C-01;NiN-3.0-T-C-PE-NA-MB-LC01-01
;NA-L;L-C-01;NiN-3.0-T-C-PE-NA-MB-LC01-02
;NA-L;L-C-01;NiN-3.0-T-C-PE-NA-MB-LC01-03
;NA-L;L-C-01;NiN-3.0-T-C-PE-NA-MB-LC01-04
;NA-L;L-C-01;NiN-3.0-T-C-PE-NA-MB-LC01-05
;NA-L;L-C-02;NiN-3.0-T-C-PE-NA-MB-LC02-0
;NA-L;L-C-02;NiN-3.0-T-C-PE-NA-MB-LC02-01
;NA-L;L-C-02;NiN-3.0-T-C-PE-NA-MB-LC02-02
;NA-L;L-C-02;NiN-3.0-T-C-PE-NA-MB-LC02-03
;NA-L;L-C-02;NiN-3.0-T-C-PE-NA-MB-LC02-04
;NA-L;L-C-03;NiN-3.0-T-C-PE-NA-MB-LC03-0
;NA-L;L-C-03;NiN-3.0-T-C-PE-NA-MB-LC03-01
;NA-L;L-C-03;NiN-3.0-T-C-PE-NA-MB-LC03-02
;NA-L;L-C-04;NiN-3.0-T-C-PE-NA-MB-LC04-0
;NA-L;L-C-04;NiN-3.0-T-C-PE-NA-MB-LC04-01
;NA-L;L-C-04;NiN-3.0-T-C-PE-NA-MB-LC04-02
;NA-L;L-C-04;NiN-3.0-T-C-PE-NA-MB-LC04-03
;NA-L;L-C-04;NiN-3.0-T-C-PE-NA-MB-LC04-04
;NA-L;L-C-04;NiN-3.0-T-C-PE-NA-MB-LC04-05
;NA-L;L-C-04;NiN-3.0-T-C-PE-NA-MB-LC04-06
;NA-L;L-C-04;NiN-3.0-T-C-PE-NA-MB-LC04-07
;NA-L;L-C-05;NiN-3.0-T-C-PE-NA-MB-LC05-0
;NA-L;L-C-05;NiN-3.0-T-C-PE-NA-MB-LC05-01
;NA-L;L-C-05;NiN-3.0-T-C-PE-NA-MB-LC05-02
;NA-L;L-C-06;NiN-3.0-T-C-PE-NA-MB-LC06-0
;NA-L;L-C-06;NiN-3.0-T-C-PE-NA-MB-LC06-01
;NA-L;L-C-06;NiN-3.0-T-C-PE-NA-MB-LC06-02
;NA-L;L-G-01;NiN-3.0-T-C-PE-NA-MB-LG01-0
;NA-L;L-G-01;NiN-3.0-T-C-PE-NA-MB-LG01-01
;NA-L;L-G-01;NiN-3.0-T-C-PE-NA-MB-LG01-02
;NA-L;L-J-01;NiN-3.0-T-C-PE-NA-MB-LJ01-0
;NA-L;L-J-01;NiN-3.0-T-C-PE-NA-MB-LJ01-01
;NA-L;L-M-01;NiN-3.0-T-C-PE-NA-MB-LM01-0
;NA-L;L-M-01;NiN-3.0-T-C-PE-NA-MB-LM01-01
;NA-L;L-M-01;NiN-3.0-T-C-PE-NA-MB-LM01-02
;NA-L;L-M-01;NiN-3.0-T-C-PE-NA-MB-LM01-03
;NA-L;L-M-01;NiN-3.0-T-C-PE-NA-MB-LM01-04
;NA-L;L-M-01;NiN-3.0-T-C-PE-NA-MB-LM01-05
;NA-L;L-M-02;NiN-3.0-T-C-PE-NA-MB-LM02-0
;NA-L;L-M-02;NiN-3.0-T-C-PE-NA-MB-LM02-01
;NA-L;L-M-02;NiN-3.0-T-C-PE-NA-MB-LM02-02
;NA-L;L-M-02;NiN-3.0-T-C-PE-NA-MB-LM02-03
;NA-L;L-M-02;NiN-3.0-T-C-PE-NA-MB-LM02-04
;NA-L;L-M-03;NiN-3.0-T-C-PE-NA-MB-LM03-0
;NA-L;L-M-03;NiN-3.0-T-C-PE-NA-MB-LM03-01
;NA-L;L-M-03;NiN-3.0-T-C-PE-NA-MB-LM03-02
;NA-L;L-M-03;NiN-3.0-T-C-PE-NA-MB-LM03-03
;NA-L;L-M-03;NiN-3.0-T-C-PE-NA-MB-LM03-04
;NA-L;L-M-04;NiN-3.0-T-C-PE-NA-MB-LM04-0
;NA-L;L-M-04;NiN-3.0-T-C-PE-NA-MB-LM04-01
;NA-L;L-M-04;NiN-3.0-T-C-PE-NA-MB-LM04-03
;NA-L;L-M-04;NiN-3.0-T-C-PE-NA-MB-LM04-05
;NA-L;L-M-05;NiN-3.0-T-C-PE-NA-MB-LM05-0
;NA-L;L-M-05;NiN-3.0-T-C-PE-NA-MB-LM05-01
;NA-L;L-M-05;NiN-3.0-T-C-PE-NA-MB-LM05-02
;NA-L;L-M-05;NiN-3.0-T-C-PE-NA-MB-LM05-03
;NA-L;L-M-05;NiN-3.0-T-C-PE-NA-MB-LM05-04
;NA-L;L-M-05;NiN-3.0-T-C-PE-NA-MB-LM05-05
;NA-L;L-M-05;NiN-3.0-T-C-PE-NA-MB-LM05-06
;NA-L;L-M-05;NiN-3.0-T-C-PE-NA-MB-LM05-07
;NA-O;O-0-0;NiN-3.0-T-C-PE-NA-MB-O00-0
;NA-O;O-A-01;NiN-3.0-T-C-PE-NA-MB-OA01-0
;NA-O;O-A-01;NiN-3.0-T-C-PE-NA-MB-OA01-01
;NA-O;O-A-01;NiN-3.0-T-C-PE-NA-MB-OA01-02
;NA-O;O-A-01;NiN-3.0-T-C-PE-NA-MB-OA01-03
;NA-O;O-A-01;NiN-3.0-T-C-PE-NA-MB-OA01-04
;NA-O;O-A-01;NiN-3.0-T-C-PE-NA-MB-OA01-05
;NA-O;O-A-01;NiN-3.0-T-C-PE-NA-MB-OA01-06
;NA-O;O-A-01;NiN-3.0-T-C-PE-NA-MB-OA01-07
;NA-O;O-A-01;NiN-3.0-T-C-PE-NA-MB-OA01-08
;NA-O;O-A-01;NiN-3.0-T-C-PE-NA-MB-OA01-09
;NA-O;O-A-01;NiN-3.0-T-C-PE-NA-MB-OA01-10
;NA-O;O-A-01;NiN-3.0-T-C-PE-NA-MB-OA01-11
;NA-O;O-A-01;NiN-3.0-T-C-PE-NA-MB-OA01-12
;NA-O;O-A-01;NiN-3.0-T-C-PE-NA-MB-OA01-13
;NA-O;O-A-01;NiN-3.0-T-C-PE-NA-MB-OA01-14
;NA-O;O-A-01;NiN-3.0-T-C-PE-NA-MB-OA01-15
;NA-O;O-A-01;NiN-3.0-T-C-PE-NA-MB-OA01-16
;NA-O;O-A-01;NiN-3.0-T-C-PE-NA-MB-OA01-17
;NA-O;O-A-01;NiN-3.0-T-C-PE-NA-MB-OA01-18
;NA-O;O-A-01;NiN-3.0-T-C-PE-NA-MB-OA01-19
;NA-O;O-A-01;NiN-3.0-T-C-PE-NA-MB-OA01-20
;NA-O;O-A-01;NiN-3.0-T-C-PE-NA-MB-OA01-21
;NA-O;O-A-01;NiN-3.0-T-C-PE-NA-MB-OA01-22
;NA-O;O-A-01;NiN-3.0-T-C-PE-NA-MB-OA01-23
;NA-O;O-A-01;NiN-3.0-T-C-PE-NA-MB-OA01-24
;NA-O;O-A-01;NiN-3.0-T-C-PE-NA-MB-OA01-25
;NA-O;O-A-01;NiN-3.0-T-C-PE-NA-MB-OA01-26
;NA-O;O-A-01;NiN-3.0-T-C-PE-NA-MB-OA01-27
;NA-O;O-A-01;NiN-3.0-T-C-PE-NA-MB-OA01-28
;NA-O;O-A-01;NiN-3.0-T-C-PE-NA-MB-OA01-29
;NA-O;O-A-01;NiN-3.0-T-C-PE-NA-MB-OA01-30
;NA-O;O-A-01;NiN-3.0-T-C-PE-NA-MB-OA01-31
;NA-O;O-A-01;NiN-3.0-T-C-PE-NA-MB-OA01-32
;NA-O;O-A-02;NiN-3.0-T-C-PE-NA-MB-OA02-0
;NA-O;O-A-02;NiN-3.0-T-C-PE-NA-MB-OA02-01
;NA-O;O-A-02;NiN-3.0-T-C-PE-NA-MB-OA02-02
;NA-O;O-A-02;NiN-3.0-T-C-PE-NA-MB-OA02-03
;NA-O;O-A-02;NiN-3.0-T-C-PE-NA-MB-OA02-04
;NA-O;O-A-02;NiN-3.0-T-C-PE-NA-MB-OA02-05
;NA-O;O-A-02;NiN-3.0-T-C-PE-NA-MB-OA02-06
;NA-O;O-A-02;NiN-3.0-T-C-PE-NA-MB-OA02-07
;NA-O;O-A-02;NiN-3.0-T-C-PE-NA-MB-OA02-08
;NA-O;O-A-02;NiN-3.0-T-C-PE-NA-MB-OA02-09
;NA-O;O-A-02;NiN-3.0-T-C-PE-NA-MB-OA02-10
;NA-O;O-A-02;NiN-3.0-T-C-PE-NA-MB-OA02-11
;NA-O;O-A-02;NiN-3.0-T-C-PE-NA-MB-OA02-12
;NA-O;O-A-02;NiN-3.0-T-C-PE-NA-MB-OA02-13
;NA-O;O-A-02;NiN-3.0-T-C-PE-NA-MB-OA02-14
;NA-O;O-A-02;NiN-3.0-T-C-PE-NA-MB-OA02-15
;NA-O;O-A-02;NiN-3.0-T-C-PE-NA-MB-OA02-16
;NA-O;O-A-02;NiN-3.0-T-C-PE-NA-MB-OA02-17
;NA-O;O-A-02;NiN-3.0-T-C-PE-NA-MB-OA02-18
;NA-O;O-A-02;NiN-3.0-T-C-PE-NA-MB-OA02-19
;NA-O;O-A-02;NiN-3.0-T-C-PE-NA-MB-OA02-20
;NA-O;O-A-02;NiN-3.0-T-C-PE-NA-MB-OA02-21
;NA-O;O-B-01;NiN-3.0-T-C-PE-NA-MB-OB01-0
;NA-O;O-B-01;NiN-3.0-T-C-PE-NA-MB-OB01-01
;NA-O;O-B-01;NiN-3.0-T-C-PE-NA-MB-OB01-02
;NA-O;O-C-01;NiN-3.0-T-C-PE-NA-MB-OC01-0
;NA-O;O-C-01;NiN-3.0-T-C-PE-NA-MB-OC01-01
;NA-O;O-C-01;NiN-3.0-T-C-PE-NA-MB-OC01-02
;NA-O;O-C-01;NiN-3.0-T-C-PE-NA-MB-OC01-03
;NA-O;O-C-01;NiN-3.0-T-C-PE-NA-MB-OC01-04
;NA-O;O-C-01;NiN-3.0-T-C-PE-NA-MB-OC01-05
;NA-O;O-C-01;NiN-3.0-T-C-PE-NA-MB-OC01-06
;NA-O;O-C-01;NiN-3.0-T-C-PE-NA-MB-OC01-07
;NA-O;O-C-01;NiN-3.0-T-C-PE-NA-MB-OC01-08
;NA-O;O-C-01;NiN-3.0-T-C-PE-NA-MB-OC01-09
;NA-O;O-C-01;NiN-3.0-T-C-PE-NA-MB-OC01-10
;NA-O;O-C-01;NiN-3.0-T-C-PE-NA-MB-OC01-11
;NA-O;O-C-01;NiN-3.0-T-C-PE-NA-MB-OC01-12
;NA-O;O-C-01;NiN-3.0-T-C-PE-NA-MB-OC01-13
;NA-O;O-C-01;NiN-3.0-T-C-PE-NA-MB-OC01-14
;NA-O;O-C-02;NiN-3.0-T-C-PE-NA-MB-OC02-0
;NA-O;O-C-02;NiN-3.0-T-C-PE-NA-MB-OC02-01
;NA-O;O-C-02;NiN-3.0-T-C-PE-NA-MB-OC02-02
;NA-O;O-C-02;NiN-3.0-T-C-PE-NA-MB-OC02-03
;NA-O;O-C-02;NiN-3.0-T-C-PE-NA-MB-OC02-04
;NA-O;O-C-02;NiN-3.0-T-C-PE-NA-MB-OC02-05
;NA-O;O-C-02;NiN-3.0-T-C-PE-NA-MB-OC02-06
;NA-O;O-C-02;NiN-3.0-T-C-PE-NA-MB-OC02-07
;NA-O;O-C-02;NiN-3.0-T-C-PE-NA-MB-OC02-08
;NA-O;O-C-02;NiN-3.0-T-C-PE-NA-MB-OC02-09
;NA-O;O-C-03;NiN-3.0-T-C-PE-NA-MB-OC03-0
;NA-O;O-C-03;NiN-3.0-T-C-PE-NA-MB-OC03-01
;NA-O;O-C-03;NiN-3.0-T-C-PE-NA-MB-OC03-02
;NA-O;O-G-01;NiN-3.0-T-C-PE-NA-MB-OG01-0
;NA-O;O-G-01;NiN-3.0-T-C-PE-NA-MB-OG01-01
;NA-O;O-M-01;NiN-3.0-T-C-PE-NA-MB-OM01-0
;NA-O;O-M-01;NiN-3.0-T-C-PE-NA-MB-OM01-01
;NA-O;O-M-01;NiN-3.0-T-C-PE-NA-MB-OM01-02
;NA-O;O-M-01;NiN-3.0-T-C-PE-NA-MB-OM01-03
;NA-O;O-M-01;NiN-3.0-T-C-PE-NA-MB-OM01-04
;NA-O;O-M-01;NiN-3.0-T-C-PE-NA-MB-OM01-05
;NA-O;O-M-02;NiN-3.0-T-C-PE-NA-MB-OM02-0
;NA-O;O-M-02;NiN-3.0-T-C-PE-NA-MB-OM02-01
;NA-O;O-M-02;NiN-3.0-T-C-PE-NA-MB-OM02-02
;NA-O;O-M-02;NiN-3.0-T-C-PE-NA-MB-OM02-03
;NA-O;O-M-02;NiN-3.0-T-C-PE-NA-MB-OM02-04
;NA-T;T-0-0;NiN-3.0-T-C-PE-NA-MB-T00-0
;NA-T;T-A-01;NiN-3.0-T-C-PE-NA-MB-TA01-0
;NA-T;T-A-01;NiN-3.0-T-C-PE-NA-MB-TA01-01
;NA-T;T-A-01;NiN-3.0-T-C-PE-NA-MB-TA01-02
;NA-T;T-A-01;NiN-3.0-T-C-PE-NA-MB-TA01-03
;NA-T;T-A-01;NiN-3.0-T-C-PE-NA-MB-TA01-04
;NA-T;T-A-01;NiN-3.0-T-C-PE-NA-MB-TA01-05
;NA-T;T-A-01;NiN-3.0-T-C-PE-NA-MB-TA01-06
;NA-T;T-A-01;NiN-3.0-T-C-PE-NA-MB-TA01-07
;NA-T;T-A-01;NiN-3.0-T-C-PE-NA-MB-TA01-08
;NA-T;T-A-01;NiN-3.0-T-C-PE-NA-MB-TA01-09
;NA-T;T-A-01;NiN-3.0-T-C-PE-NA-MB-TA01-10
;NA-T;T-A-01;NiN-3.0-T-C-PE-NA-MB-TA01-11
;NA-T;T-A-01;NiN-3.0-T-C-PE-NA-MB-TA01-12
;NA-T;T-A-01;NiN-3.0-T-C-PE-NA-MB-TA01-13
;NA-T;T-A-01;NiN-3.0-T-C-PE-NA-MB-TA01-14
;NA-T;T-A-01;NiN-3.0-T-C-PE-NA-MB-TA01-15
;NA-T;T-A-01;NiN-3.0-T-C-PE-NA-MB-TA01-16
;NA-T;T-A-01;NiN-3.0-T-C-PE-NA-MB-TA01-17
;NA-T;T-A-01;NiN-3.0-T-C-PE-NA-MB-TA01-18
;NA-T;T-A-01;NiN-3.0-T-C-PE-NA-MB-TA01-19
;NA-T;T-A-01;NiN-3.0-T-C-PE-NA-MB-TA01-20
;NA-T;T-A-01;NiN-3.0-T-C-PE-NA-MB-TA01-21
;NA-T;T-A-01;NiN-3.0-T-C-PE-NA-MB-TA01-22
;NA-T;T-A-01;NiN-3.0-T-C-PE-NA-MB-TA01-23
;NA-T;T-A-01;NiN-3.0-T-C-PE-NA-MB-TA01-24
;NA-T;T-A-01;NiN-3.0-T-C-PE-NA-MB-TA01-25
;NA-T;T-A-01;NiN-3.0-T-C-PE-NA-MB-TA01-26
;NA-T;T-A-01;NiN-3.0-T-C-PE-NA-MB-TA01-27
;NA-T;T-A-01;NiN-3.0-T-C-PE-NA-MB-TA01-28
;NA-T;T-A-01;NiN-3.0-T-C-PE-NA-MB-TA01-29
;NA-T;T-A-01;NiN-3.0-T-C-PE-NA-MB-TA01-30
;NA-T;T-A-01;NiN-3.0-T-C-PE-NA-MB-TA01-31
;NA-T;T-A-01;NiN-3.0-T-C-PE-NA-MB-TA01-32
;NA-T;T-A-01;NiN-3.0-T-C-PE-NA-MB-TA01-33
;NA-T;T-A-01;NiN-3.0-T-C-PE-NA-MB-TA01-34
;NA-T;T-A-01;NiN-3.0-T-C-PE-NA-MB-TA01-35
;NA-T;T-A-01;NiN-3.0-T-C-PE-NA-MB-TA01-36
;NA-T;T-A-01;NiN-3.0-T-C-PE-NA-MB-TA01-37
;NA-T;T-A-01;NiN-3.0-T-C-PE-NA-MB-TA01-38
;NA-T;T-A-01;NiN-3.0-T-C-PE-NA-MB-TA01-39
;NA-T;T-A-01;NiN-3.0-T-C-PE-NA-MB-TA01-40
;NA-T;T-A-01;NiN-3.0-T-C-PE-NA-MB-TA01-21
;NA-T;T-A-01;NiN-3.0-T-C-PE-NA-MB-TA01-22
;NA-T;T-A-01;NiN-3.0-T-C-PE-NA-MB-TA01-23
;NA-T;T-A-01;NiN-3.0-T-C-PE-NA-MB-TA01-24
;NA-T;T-A-01;NiN-3.0-T-C-PE-NA-MB-TA01-25
;NA-T;T-A-01;NiN-3.0-T-C-PE-NA-MB-TA01-26
;NA-T;T-A-01;NiN-3.0-T-C-PE-NA-MB-TA01-27
;NA-T;T-A-01;NiN-3.0-T-C-PE-NA-MB-TA01-28
;NA-T;T-A-01;NiN-3.0-T-C-PE-NA-MB-TA01-29
;NA-T;T-A-01;NiN-3.0-T-C-PE-NA-MB-TA01-30
;NA-T;T-A-01;NiN-3.0-T-C-PE-NA-MB-TA01-31
;NA-T;T-A-01;NiN-3.0-T-C-PE-NA-MB-TA01-32
;NA-T;T-A-01;NiN-3.0-T-C-PE-NA-MB-TA01-33
;NA-T;T-A-01;NiN-3.0-T-C-PE-NA-MB-TA01-34
;NA-T;T-A-01;NiN-3.0-T-C-PE-NA-MB-TA01-35
;NA-T;T-A-01;NiN-3.0-T-C-PE-NA-MB-TA01-36
;NA-T;T-A-01;NiN-3.0-T-C-PE-NA-MB-TA01-37
;NA-T;T-A-01;NiN-3.0-T-C-PE-NA-MB-TA01-38
;NA-T;T-A-01;NiN-3.0-T-C-PE-NA-MB-TA01-39
;NA-T;T-A-01;NiN-3.0-T-C-PE-NA-MB-TA01-40
;NA-T;T-A-01;NiN-3.0-T-C-PE-NA-MB-TA01-61
;NA-T;T-A-01;NiN-3.0-T-C-PE-NA-MB-TA01-62
;NA-T;T-A-01;NiN-3.0-T-C-PE-NA-MB-TA01-63
;NA-T;T-A-01;NiN-3.0-T-C-PE-NA-MB-TA01-64
;NA-T;T-A-01;NiN-3.0-T-C-PE-NA-MB-TA01-65
;NA-T;T-A-01;NiN-3.0-T-C-PE-NA-MB-TA01-66
;NA-T;T-A-01;NiN-3.0-T-C-PE-NA-MB-TA01-67
;NA-T;T-A-01;NiN-3.0-T-C-PE-NA-MB-TA01-68
;NA-T;T-A-01;NiN-3.0-T-C-PE-NA-MB-TA01-69
;NA-T;T-A-01;NiN-3.0-T-C-PE-NA-MB-TA01-70
;NA-T;T-A-01;NiN-3.0-T-C-PE-NA-MB-TA01-71
;NA-T;T-A-01;NiN-3.0-T-C-PE-NA-MB-TA01-72
;NA-T;T-A-01;NiN-3.0-T-C-PE-NA-MB-TA01-73
;NA-T;T-A-01;NiN-3.0-T-C-PE-NA-MB-TA01-74
;NA-T;T-A-01;NiN-3.0-T-C-PE-NA-MB-TA01-75
;NA-T;T-A-01;NiN-3.0-T-C-PE-NA-MB-TA01-76
;NA-T;T-A-01;NiN-3.0-T-C-PE-NA-MB-TA01-77
;NA-T;T-A-01;NiN-3.0-T-C-PE-NA-MB-TA01-78
;NA-T;T-A-01;NiN-3.0-T-C-PE-NA-MB-TA01-79
;NA-T;T-A-01;NiN-3.0-T-C-PE-NA-MB-TA01-80
;NA-T;T-A-01;NiN-3.0-T-C-PE-NA-MB-TA01-81
;NA-T;T-A-02;NiN-3.0-T-C-PE-NA-MB-TA02-0
;NA-T;T-A-02;NiN-3.0-T-C-PE-NA-MB-TA02-01
;NA-T;T-A-02;NiN-3.0-T-C-PE-NA-MB-TA02-02
;NA-T;T-A-02;NiN-3.0-T-C-PE-NA-MB-TA02-03
;NA-T;T-A-02;NiN-3.0-T-C-PE-NA-MB-TA02-04
;NA-T;T-A-02;NiN-3.0-T-C-PE-NA-MB-TA02-05
;NA-T;T-A-02;NiN-3.0-T-C-PE-NA-MB-TA02-06
;NA-T;T-A-02;NiN-3.0-T-C-PE-NA-MB-TA02-07
;NA-T;T-A-02;NiN-3.0-T-C-PE-NA-MB-TA02-08
;NA-T;T-A-02;NiN-3.0-T-C-PE-NA-MB-TA02-09
;NA-T;T-A-03;NiN-3.0-T-C-PE-NA-MB-TA03-0
;NA-T;T-A-03;NiN-3.0-T-C-PE-NA-MB-TA03-01
;NA-T;T-A-03;NiN-3.0-T-C-PE-NA-MB-TA03-02
;NA-T;T-A-03;NiN-3.0-T-C-PE-NA-MB-TA03-03
;NA-T;T-A-03;NiN-3.0-T-C-PE-NA-MB-TA03-04
;NA-T;T-A-03;NiN-3.0-T-C-PE-NA-MB-TA03-05
;NA-T;T-A-03;NiN-3.0-T-C-PE-NA-MB-TA03-06
;NA-T;T-A-03;NiN-3.0-T-C-PE-NA-MB-TA03-07
;NA-T;T-A-03;NiN-3.0-T-C-PE-NA-MB-TA03-08
;NA-T;T-A-03;NiN-3.0-T-C-PE-NA-MB-TA03-09
;NA-T;T-A-03;NiN-3.0-T-C-PE-NA-MB-TA03-10
;NA-T;T-A-03;NiN-3.0-T-C-PE-NA-MB-TA03-11
;NA-T;T-A-03;NiN-3.0-T-C-PE-NA-MB-TA03-12
;NA-T;T-A-03;NiN-3.0-T-C-PE-NA-MB-TA03-13
;NA-T;T-A-03;NiN-3.0-T-C-PE-NA-MB-TA03-14
;NA-T;T-A-03;NiN-3.0-T-C-PE-NA-MB-TA03-15
;NA-T;T-A-03;NiN-3.0-T-C-PE-NA-MB-TA03-16
;NA-T;T-A-04;NiN-3.0-T-C-PE-NA-MB-TA04-0
;NA-T;T-A-04;NiN-3.0-T-C-PE-NA-MB-TA04-01
;NA-T;T-A-04;NiN-3.0-T-C-PE-NA-MB-TA04-02
;NA-T;T-A-04;NiN-3.0-T-C-PE-NA-MB-TA04-03
;NA-T;T-B-01;NiN-3.0-T-C-PE-NA-MB-TB01-0
;NA-T;T-B-01;NiN-3.0-T-C-PE-NA-MB-TB01-01
;NA-T;T-B-01;NiN-3.0-T-C-PE-NA-MB-TB01-02
;NA-T;T-B-01;NiN-3.0-T-C-PE-NA-MB-TB01-03
;NA-T;T-B-01;NiN-3.0-T-C-PE-NA-MB-TB01-04
;NA-T;T-B-01;NiN-3.0-T-C-PE-NA-MB-TB01-05
;NA-T;T-B-01;NiN-3.0-T-C-PE-NA-MB-TB01-06
;NA-T;T-B-01;NiN-3.0-T-C-PE-NA-MB-TB01-07
;NA-T;T-B-01;NiN-3.0-T-C-PE-NA-MB-TB01-08
;NA-T;T-B-01;NiN-3.0-T-C-PE-NA-MB-TB01-09
;NA-T;T-B-01;NiN-3.0-T-C-PE-NA-MB-TB01-10
;NA-T;T-B-01;NiN-3.0-T-C-PE-NA-MB-TB01-11
;NA-T;T-B-01;NiN-3.0-T-C-PE-NA-MB-TB01-12
;NA-T;T-B-01;NiN-3.0-T-C-PE-NA-MB-TB01-13
;NA-T;T-B-01;NiN-3.0-T-C-PE-NA-MB-TB01-14
;NA-T;T-B-01;NiN-3.0-T-C-PE-NA-MB-TB01-15
;NA-T;T-B-01;NiN-3.0-T-C-PE-NA-MB-TB01-16
;NA-T;T-B-01;NiN-3.0-T-C-PE-NA-MB-TB01-17
;NA-T;T-B-01;NiN-3.0-T-C-PE-NA-MB-TB01-18
;NA-T;T-C-01;NiN-3.0-T-C-PE-NA-MB-TC01-0
;NA-T;T-C-01;NiN-3.0-T-C-PE-NA-MB-TC01-01
;NA-T;T-C-01;NiN-3.0-T-C-PE-NA-MB-TC01-02
;NA-T;T-C-01;NiN-3.0-T-C-PE-NA-MB-TC01-03
;NA-T;T-C-01;NiN-3.0-T-C-PE-NA-MB-TC01-04
;NA-T;T-C-01;NiN-3.0-T-C-PE-NA-MB-TC01-05
;NA-T;T-C-01;NiN-3.0-T-C-PE-NA-MB-TC01-06
;NA-T;T-C-02;NiN-3.0-T-C-PE-NA-MB-TC02-0
;NA-T;T-C-02;NiN-3.0-T-C-PE-NA-MB-TC02-01
;NA-T;T-C-02;NiN-3.0-T-C-PE-NA-MB-TC02-02
;NA-T;T-C-02;NiN-3.0-T-C-PE-NA-MB-TC02-03
;NA-T;T-C-02;NiN-3.0-T-C-PE-NA-MB-TC02-04
;NA-T;T-C-02;NiN-3.0-T-C-PE-NA-MB-TC02-05
;NA-T;T-C-02;NiN-3.0-T-C-PE-NA-MB-TC02-06
;NA-T;T-C-02;NiN-3.0-T-C-PE-NA-MB-TC02-07
;NA-T;T-C-02;NiN-3.0-T-C-PE-NA-MB-TC02-08
;NA-T;T-C-02;NiN-3.0-T-C-PE-NA-MB-TC02-09
;NA-T;T-C-03;NiN-3.0-T-C-PE-NA-MB-TC03-0
;NA-T;T-C-03;NiN-3.0-T-C-PE-NA-MB-TC03-01
;NA-T;T-C-03;NiN-3.0-T-C-PE-NA-MB-TC03-02
;NA-T;T-C-03;NiN-3.0-T-C-PE-NA-MB-TC03-03
;NA-T;T-C-03;NiN-3.0-T-C-PE-NA-MB-TC03-04
;NA-T;T-C-03;NiN-3.0-T-C-PE-NA-MB-TC03-05
;NA-T;T-C-03;NiN-3.0-T-C-PE-NA-MB-TC03-06
;NA-T;T-C-03;NiN-3.0-T-C-PE-NA-MB-TC03-07
;NA-T;T-C-03;NiN-3.0-T-C-PE-NA-MB-TC03-08
;NA-T;T-C-03;NiN-3.0-T-C-PE-NA-MB-TC03-09
;NA-T;T-C-03;NiN-3.0-T-C-PE-NA-MB-TC03-10
;NA-T;T-C-03;NiN-3.0-T-C-PE-NA-MB-TC03-11
;NA-T;T-C-04;NiN-3.0-T-C-PE-NA-MB-TC04-0
;NA-T;T-C-04;NiN-3.0-T-C-PE-NA-MB-TC04-01
;NA-T;T-C-04;NiN-3.0-T-C-PE-NA-MB-TC04-02
;NA-T;T-C-05;NiN-3.0-T-C-PE-NA-MB-TC05-0
;NA-T;T-C-05;NiN-3.0-T-C-PE-NA-MB-TC05-01
;NA-T;T-C-05;NiN-3.0-T-C-PE-NA-MB-TC05-02
;NA-T;T-C-05;NiN-3.0-T-C-PE-NA-MB-TC05-03
;NA-T;T-C-05;NiN-3.0-T-C-PE-NA-MB-TC05-04
;NA-T;T-C-05;NiN-3.0-T-C-PE-NA-MB-TC05-05
;NA-T;T-C-05;NiN-3.0-T-C-PE-NA-MB-TC05-06
;NA-T;T-C-06;NiN-3.0-T-C-PE-NA-MB-TC06-0
;NA-T;T-C-06;NiN-3.0-T-C-PE-NA-MB-TC06-01
;NA-T;T-C-06;NiN-3.0-T-C-PE-NA-MB-TC06-02
;NA-T;T-C-06;NiN-3.0-T-C-PE-NA-MB-TC06-03
;NA-T;T-C-06;NiN-3.0-T-C-PE-NA-MB-TC06-04
;NA-T;T-C-07;NiN-3.0-T-C-PE-NA-MB-TC07-0
;NA-T;T-C-07;NiN-3.0-T-C-PE-NA-MB-TC07-01
;NA-T;T-C-08;NiN-3.0-T-C-PE-NA-MB-TC08-0
;NA-T;T-C-08;NiN-3.0-T-C-PE-NA-MB-TC08-01
;NA-T;T-C-08;NiN-3.0-T-C-PE-NA-MB-TC08-02
;NA-T;T-C-08;NiN-3.0-T-C-PE-NA-MB-TC08-03
;NA-T;T-C-08;NiN-3.0-T-C-PE-NA-MB-TC08-04
;NA-T;T-C-08;NiN-3.0-T-C-PE-NA-MB-TC08-05
;NA-T;T-C-08;NiN-3.0-T-C-PE-NA-MB-TC08-06
;NA-T;T-C-08;NiN-3.0-T-C-PE-NA-MB-TC08-07
;NA-T;T-C-08;NiN-3.0-T-C-PE-NA-MB-TC08-08
;NA-T;T-C-08;NiN-3.0-T-C-PE-NA-MB-TC08-09
;NA-T;T-C-08;NiN-3.0-T-C-PE-NA-MB-TC08-10
;NA-T;T-C-08;NiN-3.0-T-C-PE-NA-MB-TC08-11
;NA-T;T-D-01;NiN-3.0-T-C-PE-NA-MB-TD01-0
;NA-T;T-D-01;NiN-3.0-T-C-PE-NA-MB-TD01-01
;NA-T;T-D-01;NiN-3.0-T-C-PE-NA-MB-TD01-02
;NA-T;T-D-01;NiN-3.0-T-C-PE-NA-MB-TD01-03
;NA-T;T-D-01;NiN-3.0-T-C-PE-NA-MB-TD01-04
;NA-T;T-D-01;NiN-3.0-T-C-PE-NA-MB-TD01-05
;NA-T;T-D-01;NiN-3.0-T-C-PE-NA-MB-TD01-06
;NA-T;T-D-01;NiN-3.0-T-C-PE-NA-MB-TD01-07
;NA-T;T-D-01;NiN-3.0-T-C-PE-NA-MB-TD01-08
;NA-T;T-D-01;NiN-3.0-T-C-PE-NA-MB-TD01-09
;NA-T;T-D-01;NiN-3.0-T-C-PE-NA-MB-TD01-10
;NA-T;T-D-01;NiN-3.0-T-C-PE-NA-MB-TD01-11
;NA-T;T-D-01;NiN-3.0-T-C-PE-NA-MB-TD01-12
;NA-T;T-D-02;NiN-3.0-T-C-PE-NA-MB-TD02-0
;NA-T;T-D-02;NiN-3.0-T-C-PE-NA-MB-TD02-01
;NA-T;T-D-02;NiN-3.0-T-C-PE-NA-MB-TD02-02
;NA-T;T-D-03;NiN-3.0-T-C-PE-NA-MB-TD03-0
;NA-T;T-D-03;NiN-3.0-T-C-PE-NA-MB-TD03-01
;NA-T;T-D-03;NiN-3.0-T-C-PE-NA-MB-TD03-02
;NA-T;T-D-03;NiN-3.0-T-C-PE-NA-MB-TD03-03
;NA-T;T-D-03;NiN-3.0-T-C-PE-NA-MB-TD03-04
;NA-T;T-D-03;NiN-3.0-T-C-PE-NA-MB-TD03-05
;NA-T;T-D-03;NiN-3.0-T-C-PE-NA-MB-TD03-06
;NA-T;T-D-04;NiN-3.0-T-C-PE-NA-MB-TD04-0
;NA-T;T-D-04;NiN-3.0-T-C-PE-NA-MB-TD04-01
;NA-T;T-D-04;NiN-3.0-T-C-PE-NA-MB-TD04-02
;NA-T;T-D-04;NiN-3.0-T-C-PE-NA-MB-TD04-03
;NA-T;T-D-04;NiN-3.0-T-C-PE-NA-MB-TD04-04
;NA-T;T-D-04;NiN-3.0-T-C-PE-NA-MB-TD04-05
;NA-T;T-D-05;NiN-3.0-T-C-PE-NA-MB-TD05-0
;NA-T;T-D-05;NiN-3.0-T-C-PE-NA-MB-TD05-01
;NA-T;T-D-05;NiN-3.0-T-C-PE-NA-MB-TD05-02
;NA-T;T-D-06;NiN-3.0-T-C-PE-NA-MB-TD06-0
;NA-T;T-D-06;NiN-3.0-T-C-PE-NA-MB-TD06-01
;NA-T;T-D-06;NiN-3.0-T-C-PE-NA-MB-TD06-02
;NA-T;T-D-06;NiN-3.0-T-C-PE-NA-MB-TD06-03
;NA-T;T-D-06;NiN-3.0-T-C-PE-NA-MB-TD06-04
;NA-T;T-D-06;NiN-3.0-T-C-PE-NA-MB-TD06-05
;NA-T;T-E-01;NiN-3.0-T-C-PE-NA-MB-TE01-0
;NA-T;T-E-01;NiN-3.0-T-C-PE-NA-MB-TE01-01
;NA-T;T-E-01;NiN-3.0-T-C-PE-NA-MB-TE01-02
;NA-T;T-E-01;NiN-3.0-T-C-PE-NA-MB-TE01-03
;NA-T;T-E-01;NiN-3.0-T-C-PE-NA-MB-TE01-04
;NA-T;T-E-01;NiN-3.0-T-C-PE-NA-MB-TE01-05
;NA-T;T-E-01;NiN-3.0-T-C-PE-NA-MB-TE01-06
;NA-T;T-E-01;NiN-3.0-T-C-PE-NA-MB-TE01-07
;NA-T;T-E-01;NiN-3.0-T-C-PE-NA-MB-TE01-08
;NA-T;T-E-01;NiN-3.0-T-C-PE-NA-MB-TE01-09
;NA-T;T-E-02;NiN-3.0-T-C-PE-NA-MB-TE02-0
;NA-T;T-E-02;NiN-3.0-T-C-PE-NA-MB-TE02-01
;NA-T;T-E-02;NiN-3.0-T-C-PE-NA-MB-TE02-02
;NA-T;T-E-02;NiN-3.0-T-C-PE-NA-MB-TE02-03
;NA-T;T-E-03;NiN-3.0-T-C-PE-NA-MB-TE03-0
;NA-T;T-E-03;NiN-3.0-T-C-PE-NA-MB-TE03-01
;NA-T;T-E-03;NiN-3.0-T-C-PE-NA-MB-TE03-02
;NA-T;T-E-03;NiN-3.0-T-C-PE-NA-MB-TE03-03
;NA-T;T-E-03;NiN-3.0-T-C-PE-NA-MB-TE03-04
;NA-T;T-E-03;NiN-3.0-T-C-PE-NA-MB-TE03-05
;NA-T;T-E-03;NiN-3.0-T-C-PE-NA-MB-TE03-06
;NA-T;T-E-04;NiN-3.0-T-C-PE-NA-MB-TE04-0
;NA-T;T-E-04;NiN-3.0-T-C-PE-NA-MB-TE04-01
;NA-T;T-E-04;NiN-3.0-T-C-PE-NA-MB-TE04-02
;NA-T;T-E-05;NiN-3.0-T-C-PE-NA-MB-TE05-0
;NA-T;T-E-05;NiN-3.0-T-C-PE-NA-MB-TE05-01
;NA-T;T-E-05;NiN-3.0-T-C-PE-NA-MB-TE05-02
;NA-T;T-E-05;NiN-3.0-T-C-PE-NA-MB-TE05-03
;NA-T;T-E-05;NiN-3.0-T-C-PE-NA-MB-TE05-04
;NA-T;T-E-05;NiN-3.0-T-C-PE-NA-MB-TE05-05
;NA-T;T-E-05;NiN-3.0-T-C-PE-NA-MB-TE05-06
;NA-T;T-E-05;NiN-3.0-T-C-PE-NA-MB-TE05-07
;NA-T;T-E-05;NiN-3.0-T-C-PE-NA-MB-TE05-08
;NA-T;T-E-05;NiN-3.0-T-C-PE-NA-MB-TE05-09
;NA-T;T-E-05;NiN-3.0-T-C-PE-NA-MB-TE05-10
;NA-T;T-E-06;NiN-3.0-T-C-PE-NA-MB-TE06-0
;NA-T;T-E-06;NiN-3.0-T-C-PE-NA-MB-TE06-01
;NA-T;T-E-06;NiN-3.0-T-C-PE-NA-MB-TE06-02
;NA-T;T-E-06;NiN-3.0-T-C-PE-NA-MB-TE06-03
;NA-T;T-E-06;NiN-3.0-T-C-PE-NA-MB-TE06-04
;NA-T;T-E-06;NiN-3.0-T-C-PE-NA-MB-TE06-05
;NA-T;T-E-07;NiN-3.0-T-C-PE-NA-MB-TE07-0
;NA-T;T-E-07;NiN-3.0-T-C-PE-NA-MB-TE07-01
;NA-T;T-E-08;NiN-3.0-T-C-PE-NA-MB-TE08-0
;NA-T;T-E-08;NiN-3.0-T-C-PE-NA-MB-TE08-01
;NA-T;T-E-08;NiN-3.0-T-C-PE-NA-MB-TE08-02
;NA-T;T-E-08;NiN-3.0-T-C-PE-NA-MB-TE08-03
;NA-T;T-E-08;NiN-3.0-T-C-PE-NA-MB-TE08-04
;NA-T;T-E-09;NiN-3.0-T-C-PE-NA-MB-TE09-0
;NA-T;T-E-09;NiN-3.0-T-C-PE-NA-MB-TE09-01
;NA-T;T-E-09;NiN-3.0-T-C-PE-NA-MB-TE09-02
;NA-T;T-E-09;NiN-3.0-T-C-PE-NA-MB-TE09-03
;NA-T;T-F-01;NiN-3.0-T-C-PE-NA-MB-TF01-0
;NA-T;T-F-01;NiN-3.0-T-C-PE-NA-MB-TF01-01
;NA-T;T-F-01;NiN-3.0-T-C-PE-NA-MB-TF01-02
;NA-T;T-F-02;NiN-3.0-T-C-PE-NA-MB-TF02-0
;NA-T;T-F-02;NiN-3.0-T-C-PE-NA-MB-TF02-01
;NA-T;T-F-02;NiN-3.0-T-C-PE-NA-MB-TF02-02
;NA-T;T-F-02;NiN-3.0-T-C-PE-NA-MB-TF02-03
;NA-T;T-F-02;NiN-3.0-T-C-PE-NA-MB-TF02-04
;NA-T;T-F-02;NiN-3.0-T-C-PE-NA-MB-TF02-05
;NA-T;T-F-02;NiN-3.0-T-C-PE-NA-MB-TF02-06
;NA-T;T-G-01;NiN-3.0-T-C-PE-NA-MB-TG01-0
;NA-T;T-G-01;NiN-3.0-T-C-PE-NA-MB-TG01-01
;NA-T;T-G-01;NiN-3.0-T-C-PE-NA-MB-TG01-02
;NA-T;T-G-01;NiN-3.0-T-C-PE-NA-MB-TG01-03
;NA-T;T-G-01;NiN-3.0-T-C-PE-NA-MB-TG01-04
;NA-T;T-G-01;NiN-3.0-T-C-PE-NA-MB-TG01-05
;NA-T;T-G-01;NiN-3.0-T-C-PE-NA-MB-TG01-06
;NA-T;T-G-01;NiN-3.0-T-C-PE-NA-MB-TG01-07
;NA-T;T-G-01;NiN-3.0-T-C-PE-NA-MB-TG01-08
;NA-T;T-G-01;NiN-3.0-T-C-PE-NA-MB-TG01-09
;NA-T;T-G-01;NiN-3.0-T-C-PE-NA-MB-TG01-10
;NA-T;T-G-01;NiN-3.0-T-C-PE-NA-MB-TG01-11
;NA-T;T-G-01;NiN-3.0-T-C-PE-NA-MB-TG01-12
;NA-T;T-G-01;NiN-3.0-T-C-PE-NA-MB-TG01-13
;NA-T;T-G-01;NiN-3.0-T-C-PE-NA-MB-TG01-14
;NA-T;T-G-01;NiN-3.0-T-C-PE-NA-MB-TG01-15
;NA-T;T-G-01;NiN-3.0-T-C-PE-NA-MB-TG01-16
;NA-T;T-G-01;NiN-3.0-T-C-PE-NA-MB-TG01-17
;NA-T;T-G-01;NiN-3.0-T-C-PE-NA-MB-TG01-18
;NA-T;T-G-01;NiN-3.0-T-C-PE-NA-MB-TG01-19
;NA-T;T-G-01;NiN-3.0-T-C-PE-NA-MB-TG01-20
;NA-T;T-G-01;NiN-3.0-T-C-PE-NA-MB-TG01-21
;NA-T;T-G-01;NiN-3.0-T-C-PE-NA-MB-TG01-22
;NA-T;T-G-01;NiN-3.0-T-C-PE-NA-MB-TG01-23
;NA-T;T-G-01;NiN-3.0-T-C-PE-NA-MB-TG01-24
;NA-T;T-G-01;NiN-3.0-T-C-PE-NA-MB-TG01-25
;NA-T;T-G-01;NiN-3.0-T-C-PE-NA-MB-TG01-26
;NA-T;T-G-01;NiN-3.0-T-C-PE-NA-MB-TG01-27
;NA-T;T-G-01;NiN-3.0-T-C-PE-NA-MB-TG01-28
;NA-T;T-G-01;NiN-3.0-T-C-PE-NA-MB-TG01-29
;NA-T;T-G-01;NiN-3.0-T-C-PE-NA-MB-TG01-30
;NA-T;T-G-01;NiN-3.0-T-C-PE-NA-MB-TG01-31
;NA-T;T-G-01;NiN-3.0-T-C-PE-NA-MB-TG01-32
;NA-T;T-G-01;NiN-3.0-T-C-PE-NA-MB-TG01-33
;NA-T;T-G-01;NiN-3.0-T-C-PE-NA-MB-TG01-34
;NA-T;T-G-01;NiN-3.0-T-C-PE-NA-MB-TG01-35
;NA-T;T-G-01;NiN-3.0-T-C-PE-NA-MB-TG01-36
;NA-T;T-G-01;NiN-3.0-T-C-PE-NA-MB-TG01-37
;NA-T;T-G-01;NiN-3.0-T-C-PE-NA-MB-TG01-38
;NA-T;T-G-01;NiN-3.0-T-C-PE-NA-MB-TG01-39
;NA-T;T-G-01;NiN-3.0-T-C-PE-NA-MB-TG01-40
;NA-T;T-G-01;NiN-3.0-T-C-PE-NA-MB-TG01-41
;NA-T;T-G-01;NiN-3.0-T-C-PE-NA-MB-TG01-42
;NA-T;T-G-01;NiN-3.0-T-C-PE-NA-MB-TG01-43
;NA-T;T-G-01;NiN-3.0-T-C-PE-NA-MB-TG01-44
;NA-T;T-G-01;NiN-3.0-T-C-PE-NA-MB-TG01-45
;NA-T;T-G-01;NiN-3.0-T-C-PE-NA-MB-TG01-46
;NA-T;T-G-01;NiN-3.0-T-C-PE-NA-MB-TG01-47
;NA-T;T-G-01;NiN-3.0-T-C-PE-NA-MB-TG01-48
;NA-T;T-G-01;NiN-3.0-T-C-PE-NA-MB-TG01-49
;NA-T;T-G-01;NiN-3.0-T-C-PE-NA-MB-TG01-50
;NA-T;T-G-01;NiN-3.0-T-C-PE-NA-MB-TG01-51
;NA-T;T-H-01;NiN-3.0-T-C-PE-NA-MB-TH01-0
;NA-T;T-H-01;NiN-3.0-T-C-PE-NA-MB-TH01-01
;NA-T;T-H-01;NiN-3.0-T-C-PE-NA-MB-TH01-02
;NA-T;T-H-01;NiN-3.0-T-C-PE-NA-MB-TH01-03
;NA-T;T-H-01;NiN-3.0-T-C-PE-NA-MB-TH01-04
;NA-T;T-H-01;NiN-3.0-T-C-PE-NA-MB-TH01-05
;NA-T;T-H-01;NiN-3.0-T-C-PE-NA-MB-TH01-06
;NA-T;T-H-01;NiN-3.0-T-C-PE-NA-MB-TH01-07
;NA-T;T-H-01;NiN-3.0-T-C-PE-NA-MB-TH01-08
;NA-T;T-H-01;NiN-3.0-T-C-PE-NA-MB-TH01-09
;NA-T;T-H-01;NiN-3.0-T-C-PE-NA-MB-TH01-10
;NA-T;T-H-01;NiN-3.0-T-C-PE-NA-MB-TH01-11
;NA-T;T-H-01;NiN-3.0-T-C-PE-NA-MB-TH01-12
;NA-T;T-H-01;NiN-3.0-T-C-PE-NA-MB-TH01-13
;NA-T;T-H-01;NiN-3.0-T-C-PE-NA-MB-TH01-14
;NA-T;T-I-01;NiN-3.0-T-C-PE-NA-MB-TI01-0
;NA-T;T-I-01;NiN-3.0-T-C-PE-NA-MB-TI01-01
;NA-T;T-I-01;NiN-3.0-T-C-PE-NA-MB-TI01-02
;NA-T;T-I-01;NiN-3.0-T-C-PE-NA-MB-TI01-03
;NA-T;T-I-01;NiN-3.0-T-C-PE-NA-MB-TI01-04
;NA-T;T-I-01;NiN-3.0-T-C-PE-NA-MB-TI01-05
;NA-T;T-I-01;NiN-3.0-T-C-PE-NA-MB-TI01-06
;NA-T;T-I-01;NiN-3.0-T-C-PE-NA-MB-TI01-07
;NA-T;T-I-01;NiN-3.0-T-C-PE-NA-MB-TI01-08
;NA-T;T-I-01;NiN-3.0-T-C-PE-NA-MB-TI01-09
;NA-T;T-I-01;NiN-3.0-T-C-PE-NA-MB-TI01-10
;NA-T;T-K-01;NiN-3.0-T-C-PE-NA-MB-TK01-0
;NA-T;T-K-01;NiN-3.0-T-C-PE-NA-MB-TK01-01
;NA-T;T-K-01;NiN-3.0-T-C-PE-NA-MB-TK01-02
;NA-T;T-K-01;NiN-3.0-T-C-PE-NA-MB-TK01-03
;NA-T;T-K-01;NiN-3.0-T-C-PE-NA-MB-TK01-04
;NA-T;T-K-01;NiN-3.0-T-C-PE-NA-MB-TK01-05
;NA-T;T-K-01;NiN-3.0-T-C-PE-NA-MB-TK01-06
;NA-T;T-K-01;NiN-3.0-T-C-PE-NA-MB-TK01-07
;NA-T;T-K-01;NiN-3.0-T-C-PE-NA-MB-TK01-08
;NA-T;T-K-01;NiN-3.0-T-C-PE-NA-MB-TK01-09
;NA-T;T-K-01;NiN-3.0-T-C-PE-NA-MB-TK01-10
;NA-T;T-K-01;NiN-3.0-T-C-PE-NA-MB-TK01-11
;NA-T;T-K-01;NiN-3.0-T-C-PE-NA-MB-TK01-12
;NA-T;T-K-01;NiN-3.0-T-C-PE-NA-MB-TK01-13
;NA-T;T-K-01;NiN-3.0-T-C-PE-NA-MB-TK01-14
;NA-T;T-K-01;NiN-3.0-T-C-PE-NA-MB-TK01-15
;NA-T;T-K-01;NiN-3.0-T-C-PE-NA-MB-TK01-16
;NA-T;T-K-01;NiN-3.0-T-C-PE-NA-MB-TK01-17
;NA-T;T-K-01;NiN-3.0-T-C-PE-NA-MB-TK01-18
;NA-T;T-K-01;NiN-3.0-T-C-PE-NA-MB-TK01-19
;NA-T;T-K-01;NiN-3.0-T-C-PE-NA-MB-TK01-20
;NA-T;T-K-01;NiN-3.0-T-C-PE-NA-MB-TK01-21
;NA-T;T-K-01;NiN-3.0-T-C-PE-NA-MB-TK01-22
;NA-T;T-K-01;NiN-3.0-T-C-PE-NA-MB-TK01-23
;NA-T;T-K-01;NiN-3.0-T-C-PE-NA-MB-TK01-24
;NA-T;T-K-01;NiN-3.0-T-C-PE-NA-MB-TK01-25
;NA-T;T-K-01;NiN-3.0-T-C-PE-NA-MB-TK01-26
;NA-T;T-K-01;NiN-3.0-T-C-PE-NA-MB-TK01-27
;NA-T;T-K-02;NiN-3.0-T-C-PE-NA-MB-TK02-0
;NA-T;T-K-02;NiN-3.0-T-C-PE-NA-MB-TK02-01
;NA-T;T-K-02;NiN-3.0-T-C-PE-NA-MB-TK02-02
;NA-T;T-K-02;NiN-3.0-T-C-PE-NA-MB-TK02-03
;NA-T;T-K-03;NiN-3.0-T-C-PE-NA-MB-TK03-0
;NA-T;T-K-03;NiN-3.0-T-C-PE-NA-MB-TK03-01
;NA-T;T-K-03;NiN-3.0-T-C-PE-NA-MB-TK03-02
;NA-T;T-K-03;NiN-3.0-T-C-PE-NA-MB-TK03-03
;NA-T;T-K-03;NiN-3.0-T-C-PE-NA-MB-TK03-04
;NA-T;T-K-03;NiN-3.0-T-C-PE-NA-MB-TK03-05
;NA-T;T-K-03;NiN-3.0-T-C-PE-NA-MB-TK03-06
;NA-T;T-K-03;NiN-3.0-T-C-PE-NA-MB-TK03-07
;NA-T;T-K-03;NiN-3.0-T-C-PE-NA-MB-TK03-08
;NA-T;T-L-01;NiN-3.0-T-C-PE-NA-MB-TL01-0
;NA-T;T-L-01;NiN-3.0-T-C-PE-NA-MB-TL01-01
;NA-T;T-L-01;NiN-3.0-T-C-PE-NA-MB-TL01-02
;NA-T;T-L-01;NiN-3.0-T-C-PE-NA-MB-TL01-03
;NA-T;T-L-01;NiN-3.0-T-C-PE-NA-MB-TL01-04
;NA-T;T-L-01;NiN-3.0-T-C-PE-NA-MB-TL01-05
;NA-T;T-L-01;NiN-3.0-T-C-PE-NA-MB-TL01-06
;NA-T;T-L-01;NiN-3.0-T-C-PE-NA-MB-TL01-07
;NA-T;T-L-01;NiN-3.0-T-C-PE-NA-MB-TL01-08
;NA-T;T-M-01;NiN-3.0-T-C-PE-NA-MB-TM01-0
;NA-T;T-M-01;NiN-3.0-T-C-PE-NA-MB-TM01-01
;NA-T;T-M-01;NiN-3.0-T-C-PE-NA-MB-TM01-02
;NA-T;T-M-01;NiN-3.0-T-C-PE-NA-MB-TM01-03
;NA-T;T-M-02;NiN-3.0-T-C-PE-NA-MB-TM02-0
;NA-T;T-M-02;NiN-3.0-T-C-PE-NA-MB-TM02-01
;NA-T;T-M-02;NiN-3.0-T-C-PE-NA-MB-TM02-02
;NA-T;T-M-03;NiN-3.0-T-C-PE-NA-MB-TM03-0
;NA-T;T-M-03;NiN-3.0-T-C-PE-NA-MB-TM03-01
;NA-T;T-M-03;NiN-3.0-T-C-PE-NA-MB-TM03-02
;NA-T;T-M-03;NiN-3.0-T-C-PE-NA-MB-TM03-03
;NA-T;T-M-03;NiN-3.0-T-C-PE-NA-MB-TM03-04
;NA-T;T-M-03;NiN-3.0-T-C-PE-NA-MB-TM03-05
;NA-T;T-M-03;NiN-3.0-T-C-PE-NA-MB-TM03-06
;NA-T;T-M-03;NiN-3.0-T-C-PE-NA-MB-TM03-07
;NA-T;T-M-03;NiN-3.0-T-C-PE-NA-MB-TM03-08
;NA-T;T-M-04;NiN-3.0-T-C-PE-NA-MB-TM04-0
;NA-T;T-M-04;NiN-3.0-T-C-PE-NA-MB-TM04-01
;NA-T;T-M-04;NiN-3.0-T-C-PE-NA-MB-TM04-02
;NA-T;T-M-05;NiN-3.0-T-C-PE-NA-MB-TM05-0
;NA-T;T-M-05;NiN-3.0-T-C-PE-NA-MB-TM05-01
;NA-T;T-M-05;NiN-3.0-T-C-PE-NA-MB-TM05-02
;NA-T;T-M-06;NiN-3.0-T-C-PE-NA-MB-TM06-0
;NA-T;T-M-06;NiN-3.0-T-C-PE-NA-MB-TM06-01
;NA-T;T-M-06;NiN-3.0-T-C-PE-NA-MB-TM06-02
;NA-T;T-M-06;NiN-3.0-T-C-PE-NA-MB-TM06-03
;NA-T;T-N-01;NiN-3.0-T-C-PE-NA-MB-TN01-0
;NA-T;T-N-01;NiN-3.0-T-C-PE-NA-MB-TN01-01
;NA-T;T-N-02;NiN-3.0-T-C-PE-NA-MB-TN02-0
;NA-T;T-N-02;NiN-3.0-T-C-PE-NA-MB-TN02-01
;NA-T;T-N-03;NiN-3.0-T-C-PE-NA-MB-TN03-0
;NA-T;T-N-03;NiN-3.0-T-C-PE-NA-MB-TN03-01
;NA-T;T-O-01;NiN-3.0-T-C-PE-NA-MB-TO01-0
;NA-T;T-O-01;NiN-3.0-T-C-PE-NA-MB-TO01-01
;NA-T;T-O-02;NiN-3.0-T-C-PE-NA-MB-TO02-0
;NA-T;T-O-02;NiN-3.0-T-C-PE-NA-MB-TO02-01
;NA-T;T-O-03;NiN-3.0-T-C-PE-NA-MB-TO03-0
;NA-T;T-O-03;NiN-3.0-T-C-PE-NA-MB-TO03-01
;NA-T;T-O-03;NiN-3.0-T-C-PE-NA-MB-TO03-02
;NA-T;T-O-03;NiN-3.0-T-C-PE-NA-MB-TO03-03
;NA-T;T-O-03;NiN-3.0-T-C-PE-NA-MB-TO03-04
;NA-T;T-O-04;NiN-3.0-T-C-PE-NA-MB-TO04-0
;NA-T;T-O-04;NiN-3.0-T-C-PE-NA-MB-TO04-01
;NA-T;T-O-04;NiN-3.0-T-C-PE-NA-MB-TO04-02
;NA-T;T-O-04;NiN-3.0-T-C-PE-NA-MB-TO04-03
;NA-V;V-0-0;NiN-3.0-T-C-PE-NA-MB-V00-0
;NA-V;V-A-01;NiN-3.0-T-C-PE-NA-MB-VA01-0
;NA-V;V-A-01;NiN-3.0-T-C-PE-NA-MB-VA01-01
;NA-V;V-A-01;NiN-3.0-T-C-PE-NA-MB-VA01-02
;NA-V;V-A-01;NiN-3.0-T-C-PE-NA-MB-VA01-03
;NA-V;V-A-01;NiN-3.0-T-C-PE-NA-MB-VA01-04
;NA-V;V-A-01;NiN-3.0-T-C-PE-NA-MB-VA01-05
;NA-V;V-A-01;NiN-3.0-T-C-PE-NA-MB-VA01-06
;NA-V;V-A-01;NiN-3.0-T-C-PE-NA-MB-VA01-07
;NA-V;V-A-01;NiN-3.0-T-C-PE-NA-MB-VA01-08
;NA-V;V-A-01;NiN-3.0-T-C-PE-NA-MB-VA01-09
;NA-V;V-A-01;NiN-3.0-T-C-PE-NA-MB-VA01-10
;NA-V;V-A-01;NiN-3.0-T-C-PE-NA-MB-VA01-11
;NA-V;V-A-01;NiN-3.0-T-C-PE-NA-MB-VA01-12
;NA-V;V-A-01;NiN-3.0-T-C-PE-NA-MB-VA01-13
;NA-V;V-A-01;NiN-3.0-T-C-PE-NA-MB-VA01-14
;NA-V;V-A-01;NiN-3.0-T-C-PE-NA-MB-VA01-15
;NA-V;V-A-01;NiN-3.0-T-C-PE-NA-MB-VA01-16
;NA-V;V-A-01;NiN-3.0-T-C-PE-NA-MB-VA01-17
;NA-V;V-A-01;NiN-3.0-T-C-PE-NA-MB-VA01-18
;NA-V;V-A-01;NiN-3.0-T-C-PE-NA-MB-VA01-19
;NA-V;V-A-01;NiN-3.0-T-C-PE-NA-MB-VA01-20
;NA-V;V-A-01;NiN-3.0-T-C-PE-NA-MB-VA01-21
;NA-V;V-A-01;NiN-3.0-T-C-PE-NA-MB-VA01-22
;NA-V;V-A-01;NiN-3.0-T-C-PE-NA-MB-VA01-23
;NA-V;V-A-01;NiN-3.0-T-C-PE-NA-MB-VA01-24
;NA-V;V-A-01;NiN-3.0-T-C-PE-NA-MB-VA01-25
;NA-V;V-A-01;NiN-3.0-T-C-PE-NA-MB-VA01-26
;NA-V;V-A-01;NiN-3.0-T-C-PE-NA-MB-VA01-27
;NA-V;V-A-01;NiN-3.0-T-C-PE-NA-MB-VA01-28
;NA-V;V-A-01;NiN-3.0-T-C-PE-NA-MB-VA01-29
;NA-V;V-A-01;NiN-3.0-T-C-PE-NA-MB-VA01-30
;NA-V;V-A-01;NiN-3.0-T-C-PE-NA-MB-VA01-31
;NA-V;V-A-01;NiN-3.0-T-C-PE-NA-MB-VA01-32
;NA-V;V-B-01;NiN-3.0-T-C-PE-NA-MB-VB01-0
;NA-V;V-B-01;NiN-3.0-T-C-PE-NA-MB-VB01-01
;NA-V;V-B-01;NiN-3.0-T-C-PE-NA-MB-VB01-02
;NA-V;V-B-01;NiN-3.0-T-C-PE-NA-MB-VB01-03
;NA-V;V-B-01;NiN-3.0-T-C-PE-NA-MB-VB01-04
;NA-V;V-B-01;NiN-3.0-T-C-PE-NA-MB-VB01-05
;NA-V;V-B-01;NiN-3.0-T-C-PE-NA-MB-VB01-06
;NA-V;V-B-01;NiN-3.0-T-C-PE-NA-MB-VB01-07
;NA-V;V-B-01;NiN-3.0-T-C-PE-NA-MB-VB01-08
;NA-V;V-B-01;NiN-3.0-T-C-PE-NA-MB-VB01-09
;NA-V;V-B-01;NiN-3.0-T-C-PE-NA-MB-VB01-10
;NA-V;V-C-01;NiN-3.0-T-C-PE-NA-MB-VC01-0
;NA-V;V-C-01;NiN-3.0-T-C-PE-NA-MB-VC01-01
;NA-V;V-C-01;NiN-3.0-T-C-PE-NA-MB-VC01-02
;NA-V;V-C-01;NiN-3.0-T-C-PE-NA-MB-VC01-03
;NA-V;V-C-01;NiN-3.0-T-C-PE-NA-MB-VC01-04
;NA-V;V-C-01;NiN-3.0-T-C-PE-NA-MB-VC01-05
;NA-V;V-C-01;NiN-3.0-T-C-PE-NA-MB-VC01-07
;NA-V;V-C-01;NiN-3.0-T-C-PE-NA-MB-VC01-08
;NA-V;V-C-02;NiN-3.0-T-C-PE-NA-MB-VC02-0
;NA-V;V-C-02;NiN-3.0-T-C-PE-NA-MB-VC02-01
;NA-V;V-C-02;NiN-3.0-T-C-PE-NA-MB-VC02-02
;NA-V;V-C-02;NiN-3.0-T-C-PE-NA-MB-VC02-03
;NA-V;V-C-02;NiN-3.0-T-C-PE-NA-MB-VC02-04
;NA-V;V-C-02;NiN-3.0-T-C-PE-NA-MB-VC02-05
;NA-V;V-C-03;NiN-3.0-T-C-PE-NA-MB-VC03-0
;NA-V;V-C-03;NiN-3.0-T-C-PE-NA-MB-VC03-01
;NA-V;V-C-03;NiN-3.0-T-C-PE-NA-MB-VC03-02
;NA-V;V-C-03;NiN-3.0-T-C-PE-NA-MB-VC03-03
;NA-V;V-C-03;NiN-3.0-T-C-PE-NA-MB-VC03-04
;NA-V;V-C-03;NiN-3.0-T-C-PE-NA-MB-VC03-05
;NA-V;V-C-04;NiN-3.0-T-C-PE-NA-MB-VC04-0
;NA-V;V-C-04;NiN-3.0-T-C-PE-NA-MB-VC04-01
;NA-V;V-C-04;NiN-3.0-T-C-PE-NA-MB-VC04-02
;NA-V;V-C-04;NiN-3.0-T-C-PE-NA-MB-VC04-03
;NA-V;V-C-04;NiN-3.0-T-C-PE-NA-MB-VC04-04
;NA-V;V-C-04;NiN-3.0-T-C-PE-NA-MB-VC04-05
;NA-V;V-C-04;NiN-3.0-T-C-PE-NA-MB-VC04-06
;NA-V;V-C-04;NiN-3.0-T-C-PE-NA-MB-VC04-07
;NA-V;V-C-04;NiN-3.0-T-C-PE-NA-MB-VC04-08
;NA-V;V-C-04;NiN-3.0-T-C-PE-NA-MB-VC04-09
;NA-V;V-C-04;NiN-3.0-T-C-PE-NA-MB-VC04-10
;NA-V;V-C-04;NiN-3.0-T-C-PE-NA-MB-VC04-11
;NA-V;V-C-04;NiN-3.0-T-C-PE-NA-MB-VC04-12
;NA-V;V-C-04;NiN-3.0-T-C-PE-NA-MB-VC04-13
;NA-V;V-C-04;NiN-3.0-T-C-PE-NA-MB-VC04-14
;NA-V;V-C-05;NiN-3.0-T-C-PE-NA-MB-VC05-0
;NA-V;V-C-05;NiN-3.0-T-C-PE-NA-MB-VC05-01
;NA-V;V-C-05;NiN-3.0-T-C-PE-NA-MB-VC05-02
;NA-V;V-C-05;NiN-3.0-T-C-PE-NA-MB-VC05-03
;NA-V;V-C-05;NiN-3.0-T-C-PE-NA-MB-VC05-04
;NA-V;V-C-05;NiN-3.0-T-C-PE-NA-MB-VC05-05
;NA-V;V-E-01;NiN-3.0-T-C-PE-NA-MB-VE01-0
;NA-V;V-E-01;NiN-3.0-T-C-PE-NA-MB-VE01-01
;NA-V;V-E-01;NiN-3.0-T-C-PE-NA-MB-VE01-02
;NA-V;V-F-01;NiN-3.0-T-C-PE-NA-MB-VF01-0
;NA-V;V-F-01;NiN-3.0-T-C-PE-NA-MB-VF01-01
;NA-V;V-F-02;NiN-3.0-T-C-PE-NA-MB-VF02-0
;NA-V;V-F-02;NiN-3.0-T-C-PE-NA-MB-VF02-01
;NA-V;V-F-02;NiN-3.0-T-C-PE-NA-MB-VF02-02
;NA-V;V-F-02;NiN-3.0-T-C-PE-NA-MB-VF02-03
;NA-V;V-G-01;NiN-3.0-T-C-PE-NA-MB-VG01-0
;NA-V;V-G-01;NiN-3.0-T-C-PE-NA-MB-VG01-01
;NA-V;V-G-01;NiN-3.0-T-C-PE-NA-MB-VG01-02
;NA-V;V-G-01;NiN-3.0-T-C-PE-NA-MB-VG01-03
;NA-V;V-G-02;NiN-3.0-T-C-PE-NA-MB-VG02-0
;NA-V;V-G-02;NiN-3.0-T-C-PE-NA-MB-VG02-01
;NA-V;V-G-02;NiN-3.0-T-C-PE-NA-MB-VG02-02
;NA-V;V-G-02;NiN-3.0-T-C-PE-NA-MB-VG02-03
;NA-V;V-I-01;NiN-3.0-T-C-PE-NA-MB-VI01-0
;NA-V;V-I-01;NiN-3.0-T-C-PE-NA-MB-VI01-01
;NA-V;V-I-01;NiN-3.0-T-C-PE-NA-MB-VI01-02
;NA-V;V-I-01;NiN-3.0-T-C-PE-NA-MB-VI01-03
;NA-V;V-I-01;NiN-3.0-T-C-PE-NA-MB-VI01-04
;NA-V;V-K-01;NiN-3.0-T-C-PE-NA-MB-VK01-0
;NA-V;V-K-01;NiN-3.0-T-C-PE-NA-MB-VK01-01
;NA-V;V-K-01;NiN-3.0-T-C-PE-NA-MB-VK01-02
;NA-V;V-K-01;NiN-3.0-T-C-PE-NA-MB-VK01-03
;NA-V;V-K-02;NiN-3.0-T-C-PE-NA-MB-VK02-0
;NA-V;V-K-02;NiN-3.0-T-C-PE-NA-MB-VK02-01
;NA-V;V-K-02;NiN-3.0-T-C-PE-NA-MB-VK02-02
;NA-V;V-K-02;NiN-3.0-T-C-PE-NA-MB-VK02-03
;NA-V;V-K-02;NiN-3.0-T-C-PE-NA-MB-VK02-04
;NA-V;V-M-01;NiN-3.0-T-C-PE-NA-MB-VM01-0
;NA-V;V-M-01;NiN-3.0-T-C-PE-NA-MB-VM01-01
;NA-V;V-M-01;NiN-3.0-T-C-PE-NA-MB-VM01-02
;NA-V;V-M-01;NiN-3.0-T-C-PE-NA-MB-VM01-03
;NA-V;V-M-01;NiN-3.0-T-C-PE-NA-MB-VM01-04
;NA-V;V-M-01;NiN-3.0-T-C-PE-NA-MB-VM01-05
;NA-V;V-M-01;NiN-3.0-T-C-PE-NA-MB-VM01-06
;NA-V;V-M-02;NiN-3.0-T-C-PE-NA-MB-VM02-0
;NA-V;V-M-02;NiN-3.0-T-C-PE-NA-MB-VM02-01
;NA-V;V-M-03;NiN-3.0-T-C-PE-NA-MB-VM03-0
;NA-V;V-M-03;NiN-3.0-T-C-PE-NA-MB-VM03-01
;NA-V;V-M-04;NiN-3.0-T-C-PE-NA-MB-VM04-0
;NA-V;V-M-04;NiN-3.0-T-C-PE-NA-MB-VM04-01
;NA-V;V-M-04;NiN-3.0-T-C-PE-NA-MB-VM04-02
;NA-V;V-M-04;NiN-3.0-T-C-PE-NA-MB-VM04-03
;NA-V;V-M-05;NiN-3.0-T-C-PE-NA-MB-VM05-0
;NA-V;V-M-05;NiN-3.0-T-C-PE-NA-MB-VM05-01
;NA-V;V-M-06;NiN-3.0-T-C-PE-NA-MB-VM06-0
;NA-V;V-M-06;NiN-3.0-T-C-PE-NA-MB-VM06-01
;NA-V;V-O-01;NiN-3.0-T-C-PE-NA-MB-VO01-0
;NA-V;V-O-01;NiN-3.0-T-C-PE-NA-MB-VO01-01
;NA-I;I-0-0;NiN-3.0-T-C-PE-NA-MB-I00-0
;NA-I;I-A-01;NiN-3.0-T-C-PE-NA-MB-IA01-0
;NA-I;I-A-01;NiN-3.0-T-C-PE-NA-MB-IA01-01
;NA-I;I-A-01;NiN-3.0-T-C-PE-NA-MB-IA01-02
;NA-I;I-A-01;NiN-3.0-T-C-PE-NA-MB-IA01-03
;NA-I;I-A-01;NiN-3.0-T-C-PE-NA-MB-IA01-04
;NA-S;S-0-0;NiN-3.0-T-C-PE-NA-VM-S00-0
;NA-S;S-A-01;NiN-3.0-T-C-PE-NA-VM-SA01-0
;NA-S;S-A-01;NiN-3.0-T-C-PE-NA-VM-SA01-01
;NA-S;S-A-01;NiN-3.0-T-C-PE-NA-VM-SA01-02
;NA-S;S-C-01;NiN-3.0-T-C-PE-NA-VM-SC01-0
;NA-S;S-C-01;NiN-3.0-T-C-PE-NA-VM-SC01-01
;NA-S;S-C-01;NiN-3.0-T-C-PE-NA-VM-SC01-02
;NA-S;S-C-02;NiN-3.0-T-C-PE-NA-VM-SC02-0
;NA-S;S-C-02;NiN-3.0-T-C-PE-NA-VM-SC02-01
;NA-S;S-C-02;NiN-3.0-T-C-PE-NA-VM-SC02-02
;NA-S;S-C-02;NiN-3.0-T-C-PE-NA-VM-SC02-03
;NA-S;S-C-02;NiN-3.0-T-C-PE-NA-VM-SC02-04
;NA-S;S-C-02;NiN-3.0-T-C-PE-NA-VM-SC02-05
;NA-S;S-C-03;NiN-3.0-T-C-PE-NA-VM-SC03-0
;NA-S;S-C-03;NiN-3.0-T-C-PE-NA-VM-SC03-01
;NA-S;S-C-04;NiN-3.0-T-C-PE-NA-VM-SC04-0
;NA-S;S-C-04;NiN-3.0-T-C-PE-NA-VM-SC04-01
;NA-S;S-C-04;NiN-3.0-T-C-PE-NA-VM-SC04-02
;NA-S;S-C-05;NiN-3.0-T-C-PE-NA-VM-SC05-0
;NA-S;S-C-05;NiN-3.0-T-C-PE-NA-VM-SC05-01
;NA-S;S-C-05;NiN-3.0-T-C-PE-NA-VM-SC05-02
;NA-S;S-C-06;NiN-3.0-T-C-PE-NA-VM-SC06-0
;NA-S;S-C-06;NiN-3.0-T-C-PE-NA-VM-SC06-01
;NA-S;S-C-06;NiN-3.0-T-C-PE-NA-VM-SC06-02
;NA-S;S-C-07;NiN-3.0-T-C-PE-NA-VM-SC07-0
;NA-S;S-C-07;NiN-3.0-T-C-PE-NA-VM-SC07-01
;NA-S;S-C-07;NiN-3.0-T-C-PE-NA-VM-SC07-02
;NA-S;S-M-01;NiN-3.0-T-C-PE-NA-VM-SM01-0
;NA-S;S-M-01;NiN-3.0-T-C-PE-NA-VM-SM01-01
;NA-S;S-M-02;NiN-3.0-T-C-PE-NA-VM-SM02-0
;NA-S;S-M-02;NiN-3.0-T-C-PE-NA-VM-SM02-01
;NA-S;S-M-03;NiN-3.0-T-C-PE-NA-VM-SM03-0
;NA-S;S-M-03;NiN-3.0-T-C-PE-NA-VM-SM03-01
;NA-F;F-0-0;NiN-3.0-T-C-PE-NA-VM-F00-0
;NA-F;F-A-01;NiN-3.0-T-C-PE-NA-VM-FA01-0
;NA-F;F-A-01;NiN-3.0-T-C-PE-NA-VM-FA01-01
;NA-F;F-A-01;NiN-3.0-T-C-PE-NA-VM-FA01-02
;NA-F;F-A-01;NiN-3.0-T-C-PE-NA-VM-FA01-03
;NA-F;F-A-01;NiN-3.0-T-C-PE-NA-VM-FA01-04
;NA-F;F-A-01;NiN-3.0-T-C-PE-NA-VM-FA01-05
;NA-F;F-A-01;NiN-3.0-T-C-PE-NA-VM-FA01-06
;NA-F;F-A-02;NiN-3.0-T-C-PE-NA-VM-FA02-0
;NA-F;F-A-02;NiN-3.0-T-C-PE-NA-VM-FA02-01
;NA-F;F-A-02;NiN-3.0-T-C-PE-NA-VM-FA02-02
;NA-F;F-A-02;NiN-3.0-T-C-PE-NA-VM-FA02-03
;NA-F;F-A-02;NiN-3.0-T-C-PE-NA-VM-FA02-04
;NA-F;F-A-02;NiN-3.0-T-C-PE-NA-VM-FA02-05
;NA-F;F-A-02;NiN-3.0-T-C-PE-NA-VM-FA02-06
;NA-F;F-A-02;NiN-3.0-T-C-PE-NA-VM-FA02-07
;NA-F;F-A-02;NiN-3.0-T-C-PE-NA-VM-FA02-08
;NA-F;F-A-02;NiN-3.0-T-C-PE-NA-VM-FA02-09
;NA-F;F-A-02;NiN-3.0-T-C-PE-NA-VM-FA02-10
;NA-F;F-A-02;NiN-3.0-T-C-PE-NA-VM-FA02-11
;NA-F;F-A-02;NiN-3.0-T-C-PE-NA-VM-FA02-12
;NA-F;F-A-02;NiN-3.0-T-C-PE-NA-VM-FA02-13
;NA-F;F-A-02;NiN-3.0-T-C-PE-NA-VM-FA02-14
;NA-F;F-A-02;NiN-3.0-T-C-PE-NA-VM-FA02-15
;NA-F;F-A-02;NiN-3.0-T-C-PE-NA-VM-FA02-16
;NA-F;F-A-02;NiN-3.0-T-C-PE-NA-VM-FA02-17
;NA-F;F-B-01;NiN-3.0-T-C-PE-NA-VM-FB01-0
;NA-F;F-B-01;NiN-3.0-T-C-PE-NA-VM-FB01-01
;NA-F;F-B-01;NiN-3.0-T-C-PE-NA-VM-FB01-02
;NA-F;F-B-01;NiN-3.0-T-C-PE-NA-VM-FB01-03
;NA-F;F-B-01;NiN-3.0-T-C-PE-NA-VM-FB01-04
;NA-F;F-B-01;NiN-3.0-T-C-PE-NA-VM-FB01-05
;NA-F;F-B-01;NiN-3.0-T-C-PE-NA-VM-FB01-06
;NA-F;F-B-01;NiN-3.0-T-C-PE-NA-VM-FB01-07
;NA-F;F-B-01;NiN-3.0-T-C-PE-NA-VM-FB01-08
;NA-F;F-B-01;NiN-3.0-T-C-PE-NA-VM-FB01-09
;NA-F;F-B-01;NiN-3.0-T-C-PE-NA-VM-FB01-10
;NA-F;F-B-01;NiN-3.0-T-C-PE-NA-VM-FB01-11
;NA-F;F-B-01;NiN-3.0-T-C-PE-NA-VM-FB01-12
;NA-F;F-B-01;NiN-3.0-T-C-PE-NA-VM-FB01-13
;NA-F;F-B-01;NiN-3.0-T-C-PE-NA-VM-FB01-14
;NA-F;F-B-01;NiN-3.0-T-C-PE-NA-VM-FB01-15
;NA-F;F-B-01;NiN-3.0-T-C-PE-NA-VM-FB01-16
;NA-F;F-B-01;NiN-3.0-T-C-PE-NA-VM-FB01-17
;NA-F;F-B-01;NiN-3.0-T-C-PE-NA-VM-FB01-18
;NA-F;F-B-02;NiN-3.0-T-C-PE-NA-VM-FB02-0
;NA-F;F-B-02;NiN-3.0-T-C-PE-NA-VM-FB02-01
;NA-F;F-B-02;NiN-3.0-T-C-PE-NA-VM-FB02-02
;NA-F;F-B-02;NiN-3.0-T-C-PE-NA-VM-FB02-03
;NA-F;F-B-02;NiN-3.0-T-C-PE-NA-VM-FB02-04
;NA-F;F-B-02;NiN-3.0-T-C-PE-NA-VM-FB02-05
;NA-F;F-B-02;NiN-3.0-T-C-PE-NA-VM-FB02-06
;NA-F;F-B-02;NiN-3.0-T-C-PE-NA-VM-FB02-07
;NA-F;F-B-02;NiN-3.0-T-C-PE-NA-VM-FB02-08
;NA-F;F-B-02;NiN-3.0-T-C-PE-NA-VM-FB02-09
;NA-F;F-B-02;NiN-3.0-T-C-PE-NA-VM-FB02-10
;NA-F;F-B-02;NiN-3.0-T-C-PE-NA-VM-FB02-11
;NA-F;F-B-02;NiN-3.0-T-C-PE-NA-VM-FB02-12
;NA-F;F-B-02;NiN-3.0-T-C-PE-NA-VM-FB02-13
;NA-F;F-B-02;NiN-3.0-T-C-PE-NA-VM-FB02-14
;NA-F;F-B-02;NiN-3.0-T-C-PE-NA-VM-FB02-15
;NA-F;F-B-02;NiN-3.0-T-C-PE-NA-VM-FB02-16
;NA-F;F-B-02;NiN-3.0-T-C-PE-NA-VM-FB02-17
;NA-F;F-B-02;NiN-3.0-T-C-PE-NA-VM-FB02-18
;NA-F;F-B-03;NiN-3.0-T-C-PE-NA-VM-FB03-0
;NA-F;F-B-03;NiN-3.0-T-C-PE-NA-VM-FB03-01
;NA-F;F-B-03;NiN-3.0-T-C-PE-NA-VM-FB03-02
;NA-F;F-C-01;NiN-3.0-T-C-PE-NA-VM-FC01-0
;NA-F;F-C-01;NiN-3.0-T-C-PE-NA-VM-FC01-01
;NA-F;F-C-01;NiN-3.0-T-C-PE-NA-VM-FC01-02
;NA-F;F-C-01;NiN-3.0-T-C-PE-NA-VM-FC01-03
;NA-F;F-C-02;NiN-3.0-T-C-PE-NA-VM-FC02-0
;NA-F;F-C-02;NiN-3.0-T-C-PE-NA-VM-FC02-01
;NA-F;F-C-03;NiN-3.0-T-C-PE-NA-VM-FC03-0
;NA-F;F-C-03;NiN-3.0-T-C-PE-NA-VM-FC03-01
;NA-F;F-C-03;NiN-3.0-T-C-PE-NA-VM-FC03-02
;NA-F;F-C-04;NiN-3.0-T-C-PE-NA-VM-FC04-0
;NA-F;F-C-04;NiN-3.0-T-C-PE-NA-VM-FC04-01
;NA-F;F-C-04;NiN-3.0-T-C-PE-NA-VM-FC04-02
;NA-F;F-C-04;NiN-3.0-T-C-PE-NA-VM-FC04-03
;NA-F;F-C-04;NiN-3.0-T-C-PE-NA-VM-FC04-04
;NA-F;F-C-04;NiN-3.0-T-C-PE-NA-VM-FC04-05
;NA-F;F-C-04;NiN-3.0-T-C-PE-NA-VM-FC04-06
;NA-F;F-C-05;NiN-3.0-T-C-PE-NA-VM-FC05-0
;NA-F;F-C-05;NiN-3.0-T-C-PE-NA-VM-FC05-01
;NA-F;F-C-05;NiN-3.0-T-C-PE-NA-VM-FC05-02
;NA-F;F-M-01;NiN-3.0-T-C-PE-NA-VM-FM01-0
;NA-F;F-M-01;NiN-3.0-T-C-PE-NA-VM-FM01-01
;NA-F;F-M-01;NiN-3.0-T-C-PE-NA-VM-FM01-02
;NA-F;F-M-01;NiN-3.0-T-C-PE-NA-VM-FM01-03
;NA-F;F-M-01;NiN-3.0-T-C-PE-NA-VM-FM01-04
;NA-F;F-M-01;NiN-3.0-T-C-PE-NA-VM-FM01-05
;NA-F;F-M-01;NiN-3.0-T-C-PE-NA-VM-FM01-06
;NA-F;F-M-01;NiN-3.0-T-C-PE-NA-VM-FM01-07
;NA-F;F-M-01;NiN-3.0-T-C-PE-NA-VM-FM01-08
;NA-F;F-M-02;NiN-3.0-T-C-PE-NA-VM-FM02-0
;NA-F;F-M-02;NiN-3.0-T-C-PE-NA-VM-FM02-01
;NA-F;F-M-02;NiN-3.0-T-C-PE-NA-VM-FM02-02
;NA-F;F-M-02;NiN-3.0-T-C-PE-NA-VM-FM02-03
;NA-F;F-M-02;NiN-3.0-T-C-PE-NA-VM-FM02-04
;NA-F;F-M-03;NiN-3.0-T-C-PE-NA-VM-FM03-0
;NA-F;F-M-03;NiN-3.0-T-C-PE-NA-VM-FM03-01
;NA-F;F-M-03;NiN-3.0-T-C-PE-NA-VM-FM03-02
;NA-F;F-M-04;NiN-3.0-T-C-PE-NA-VM-FM04-0
;NA-F;F-M-04;NiN-3.0-T-C-PE-NA-VM-FM04-01
;NA-F;F-M-05;NiN-3.0-T-C-PE-NA-VM-FM05-0
;NA-F;F-M-05;NiN-3.0-T-C-PE-NA-VM-FM05-01
;NA-F;F-M-05;NiN-3.0-T-C-PE-NA-VM-FM05-02
;NK-C;C-0-0;NiN-3.0-T-C-SE-NK-0-C00-0
;NK-C;C-C-01;NiN-3.0-T-C-SE-NK-C01-0
;NK-C;C-C-02;NiN-3.0-T-C-SE-NK-C02-0
;NK-C;C-C-03;NiN-3.0-T-C-SE-NK-C03-0
;NK-C;C-C-04;NiN-3.0-T-C-SE-NK-C04-0
;NK-C;C-C-05;NiN-3.0-T-C-SE-NK-C05-0
;NK-C;C-C-06;NiN-3.0-T-C-SE-NK-C06-0
;NK-C;C-C-07;NiN-3.0-T-C-SE-NK-C07-0
;NK-C;C-C-08;NiN-3.0-T-C-SE-NK-C08-0
;NK-D;D-0-0;NiN-3.0-T-C-SE-NK-0-D00-0
;NK-D;D-D-01;NiN-3.0-T-C-SE-NK-D01-0
;NK-D;D-D-02;NiN-3.0-T-C-SE-NK-D02-0
;NK-D;D-D-03;NiN-3.0-T-C-SE-NK-D03-0
;NK-E;E-0-0;NiN-3.0-T-C-SE-NK-0-E00-0
;NK-E;E-E-01;NiN-3.0-T-C-SE-NK-E01-0
;NK-E;E-E-02;NiN-3.0-T-C-SE-NK-E02-0
;NK-E;E-E-03;NiN-3.0-T-C-SE-NK-E03-0
;0-MS;MS-0-0;NiN-3.0-T-C-LI-0-0-MS00-0
;0-MS;MS-0-01;NiN-3.0-T-C-LI-0-0-MS001-0
;0-MS;MS-0-01;NiN-3.0-T-C-LI-0-0-MS001-01
;0-MS;MS-0-02;NiN-3.0-T-C-LI-0-0-MS002-0
;0-MS;MS-0-02;NiN-3.0-T-C-LI-0-0-MS002-01
;0-MS;MS-0-02;NiN-3.0-T-C-LI-0-0-Ms002-01
;0-MS;MS-0-03;NiN-3.0-T-C-LI-0-0-MS003-0
;0-MS;MS-0-03;NiN-3.0-T-C-LI-0-0-MS003-01
;0-MS;MS-0-03;NiN-3.0-T-C-LI-0-0-MS003-02
;0-MS;MS-0-04;NiN-3.0-T-C-LI-0-0-MS004-0
;0-MS;MS-0-04;NiN-3.0-T-C-LI-0-0-MS004-01
;0-MS;MS-0-04;NiN-3.0-T-C-LI-0-0-MS004-02
;0-MS;MS-0-04;NiN-3.0-T-C-LI-0-0-MS004-03
;0-MS;MS-0-04;NiN-3.0-T-C-LI-0-0-MS004-04
;0-MS;MS-0-04;NiN-3.0-T-C-LI-0-0-MS004-05
;0-MS;MS-0-04;NiN-3.0-T-C-LI-0-0-MS004-06
;0-MS;MS-0-05;NiN-3.0-T-C-LI-0-0-MS005-0
;0-MS;MS-0-05;NiN-3.0-T-C-LI-0-0-MS005-01
;0-MS;MS-0-05;NiN-3.0-T-C-LI-0-0-MS005-02
;0-MS;MS-0-05;NiN-3.0-T-C-LI-0-0-MS005-03
;0-MS;MS-0-05;NiN-3.0-T-C-LI-0-0-MS005-04
;0-MS;MS-0-06;NiN-3.0-T-C-LI-0-0-MS006-0
;0-MS;MS-0-06;NiN-3.0-T-C-LI-0-0-MS006-01
;0-MS;MS-0-06;NiN-3.0-T-C-LI-0-0-MS006-02
;0-MS;MS-0-06;NiN-3.0-T-C-LI-0-0-MS006-03
;0-MS;MS-0-06;NiN-3.0-T-C-LI-0-0-MS006-04
;0-MS;MS-0-07;NiN-3.0-T-C-LI-0-0-MS007-0
;0-MS;MS-0-07;NiN-3.0-T-C-LI-0-0-MS007-01
;0-MS;MS-0-07;NiN-3.0-T-C-LI-0-0-MS007-02
;0-MS;MS-0-08;NiN-3.0-T-C-LI-0-0-MS008-0
;0-MS;MS-0-08;NiN-3.0-T-C-LI-0-0-MS008-01
;0-MS;MS-0-09;NiN-3.0-T-C-LI-0-0-MS009-0
;0-MS;MS-0-09;NiN-3.0-T-C-LI-0-0-MS009-01
;0-MU;MU-0-0;NiN-3.0-T-C-LI-0-0-MU00-0
;0-MU;MU-0-01;NiN-3.0-T-C-LI-0-0-MU001-0
;0-MU;MU-0-01;NiN-3.0-T-C-LI-0-0-MU001-01
;0-FS;FS-0-0;NiN-3.0-T-C-LI-0-0-FS00-0
;0-FS;FS-0-01;NiN-3.0-T-C-LI-0-0-FS001-0
;0-FS;FS-0-01;NiN-3.0-T-C-LI-0-0-FS001-01
;0-FS;FS-0-02;NiN-3.0-T-C-LI-0-0-FS002-0
;0-FS;FS-0-02;NiN-3.0-T-C-LI-0-0-FS002-01
;0-FS;FS-0-02;NiN-3.0-T-C-LI-0-0-FS002-02
;0-FS;FS-0-03;NiN-3.0-T-C-LI-0-0-FS003-0
;0-FS;FS-0-03;NiN-3.0-T-C-LI-0-0-FS003-01
;0-FS;FS-0-03;NiN-3.0-T-C-LI-0-0-FS003-02
;0-FS;FS-0-03;NiN-3.0-T-C-LI-0-0-FS003-03
;0-FS;FS-0-03;NiN-3.0-T-C-LI-0-0-FS003-04
;0-FS;FS-0-04;NiN-3.0-T-C-LI-0-0-FS004-0
;0-FS;FS-0-04;NiN-3.0-T-C-LI-0-0-FS004-01
;0-FS;FS-0-04;NiN-3.0-T-C-LI-0-0-FS004-02
;0-FS;FS-0-04;NiN-3.0-T-C-LI-0-0-FS004-03
;0-FS;FS-0-04;NiN-3.0-T-C-LI-0-0-FS004-04
;0-FS;FS-0-05;NiN-3.0-T-C-LI-0-0-FS005-0
;0-FS;FS-0-05;NiN-3.0-T-C-LI-0-0-FS005-01
;0-FS;FS-0-05;NiN-3.0-T-C-LI-0-0-FS005-02
;0-FS;FS-0-05;NiN-3.0-T-C-LI-0-0-FS005-03
;0-FS;FS-0-05;NiN-3.0-T-C-LI-0-0-FS005-04
;0-FS;FS-0-05;NiN-3.0-T-C-LI-0-0-FS005-05
;0-FS;FS-0-06;NiN-3.0-T-C-LI-0-0-FS006-0
;0-FS;FS-0-06;NiN-3.0-T-C-LI-0-0-FS006-01
;0-FU;FU-0-0;NiN-3.0-T-C-LI-0-0-FU00-0
;0-FU;FU-0-01;NiN-3.0-T-C-LI-0-0-FU001-0
;0-FU;FU-0-01;NiN-3.0-T-C-LI-0-0-FU001-01
;0-TS;TS-0-0;NiN-3.0-T-C-LI-0-0-TS00-0
;0-TS;TS-0-01;NiN-3.0-T-C-LI-0-0-TS001-0
;0-TS;TS-0-01;NiN-3.0-T-C-LI-0-0-TS001-01
;0-TS;TS-0-02;NiN-3.0-T-C-LI-0-0-TS002-0
;0-TS;TS-0-02;NiN-3.0-T-C-LI-0-0-TS002-01
;0-TS;TS-0-02;NiN-3.0-T-C-LI-0-0-TS002-02
;0-TS;TS-0-03;NiN-3.0-T-C-LI-0-0-TS003-0
;0-TS;TS-0-03;NiN-3.0-T-C-LI-0-0-TS003-01
;0-TS;TS-0-03;NiN-3.0-T-C-LI-0-0-TS003-02
;0-TS;TS-0-03;NiN-3.0-T-C-LI-0-0-TS003-03
;0-TS;TS-0-03;NiN-3.0-T-C-LI-0-0-TS003-04
;0-TS;TS-0-03;NiN-3.0-T-C-LI-0-0-TS003-05
;0-TS;TS-0-04;NiN-3.0-T-C-LI-0-0-TS004-0
;0-TS;TS-0-04;NiN-3.0-T-C-LI-0-0-TS004-01
;0-TS;TS-0-04;NiN-3.0-T-C-LI-0-0-TS004-02
;0-TS;TS-0-04;NiN-3.0-T-C-LI-0-0-TS004-03
;0-TS;TS-0-05;NiN-3.0-T-C-LI-0-0-TS005-0
;0-TS;TS-0-05;NiN-3.0-T-C-LI-0-0-TS005-01
;0-TS;TS-0-05;NiN-3.0-T-C-LI-0-0-TS005-02
;0-TS;TS-0-06;NiN-3.0-T-C-LI-0-0-TS006-0
;0-TS;TS-0-06;NiN-3.0-T-C-LI-0-0-TS006-01
;0-TS;TS-0-06;NiN-3.0-T-C-LI-0-0-TS006-02
;0-TS;TS-0-06;NiN-3.0-T-C-LI-0-0-TS006-03
;0-TS;TS-0-06;NiN-3.0-T-C-LI-0-0-TS006-04
;0-TS;TS-0-06;NiN-3.0-T-C-LI-0-0-TS006-05
;0-TS;TS-0-06;NiN-3.0-T-C-LI-0-0-TS006-06
;0-TS;TS-0-06;NiN-3.0-T-C-LI-0-0-TS006-07
;0-TS;TS-0-06;NiN-3.0-T-C-LI-0-0-TS006-08
;0-TS;TS-0-06;NiN-3.0-T-C-LI-0-0-TS006-09
;0-TS;TS-0-06;NiN-3.0-T-C-LI-0-0-TS006-10
;0-TS;TS-0-06;NiN-3.0-T-C-LI-0-0-TS006-11
;0-TS;TS-0-06;NiN-3.0-T-C-LI-0-0-TS006-12
;0-TS;TS-0-06;NiN-3.0-T-C-LI-0-0-TS006-13
;0-TS;TS-0-06;NiN-3.0-T-C-LI-0-0-TS006-14
;0-TS;TS-0-07;NiN-3.0-T-C-LI-0-0-TS007-0
;0-TS;TS-0-07;NiN-3.0-T-C-LI-0-0-TS007-01
;0-TS;TS-0-07;NiN-3.0-T-C-LI-0-0-TS007-02
;0-TS;TS-0-07;NiN-3.0-T-C-LI-0-0-TS007-03
;0-TS;TS-0-07;NiN-3.0-T-C-LI-0-0-TS007-04
;0-TS;TS-0-07;NiN-3.0-T-C-LI-0-0-TS007-05
;0-TS;TS-0-08;NiN-3.0-T-C-LI-0-0-TS008-0
;0-TS;TS-0-08;NiN-3.0-T-C-LI-0-0-TS008-01
;0-TS;TS-0-08;NiN-3.0-T-C-LI-0-0-TS008-02
;0-TS;TS-0-08;NiN-3.0-T-C-LI-0-0-TS008-03
;0-TS;TS-0-08;NiN-3.0-T-C-LI-0-0-TS008-04
;0-TS;TS-0-08;NiN-3.0-T-C-LI-0-0-TS008-05
;0-TS;TS-0-08;NiN-3.0-T-C-LI-0-0-TS008-06
;0-TS;TS-0-08;NiN-3.0-T-C-LI-0-0-TS008-07
;0-TS;TS-0-08;NiN-3.0-T-C-LI-0-0-TS008-08
;0-TS;TS-0-08;NiN-3.0-T-C-LI-0-0-TS008-09
;0-TS;TS-0-08;NiN-3.0-T-C-LI-0-0-TS008-10
;0-TS;TS-0-09;NiN-3.0-T-C-LI-0-0-TS009-0
;0-TS;TS-0-09;NiN-3.0-T-C-LI-0-0-TS009-01
;0-TS;TS-0-09;NiN-3.0-T-C-LI-0-0-TS009-02
;0-TS;TS-0-09;NiN-3.0-T-C-LI-0-0-TS009-03
;0-TS;TS-0-09;NiN-3.0-T-C-LI-0-0-TS009-04
;0-TS;TS-0-09;NiN-3.0-T-C-LI-0-0-TS009-05
;0-TS;TS-0-09;NiN-3.0-T-C-LI-0-0-TS009-06
;0-TS;TS-0-10;NiN-3.0-T-C-LI-0-0-TS010-0
;0-TS;TS-0-10;NiN-3.0-T-C-LI-0-0-TS010-01
;0-TS;TS-0-10;NiN-3.0-T-C-LI-0-0-TS010-02
;0-TS;TS-0-10;NiN-3.0-T-C-LI-0-0-TS010-03
;0-TS;TS-0-10;NiN-3.0-T-C-LI-0-0-TS010-04
;0-TS;TS-0-10;NiN-3.0-T-C-LI-0-0-TS010-05
;0-TS;TS-0-10;NiN-3.0-T-C-LI-0-0-TS010-06
;0-TS;TS-0-10;NiN-3.0-T-C-LI-0-0-TS010-07
;0-TS;TS-0-10;NiN-3.0-T-C-LI-0-0-TS010-08
;0-TS;TS-0-11;NiN-3.0-T-C-LI-0-0-TS011-0
;0-TS;TS-0-11;NiN-3.0-T-C-LI-0-0-TS011-01
;0-TS;TS-0-11;NiN-3.0-T-C-LI-0-0-TS011-02
;0-TS;TS-0-12;NiN-3.0-T-C-LI-0-0-TS012-0
;0-TS;TS-0-12;NiN-3.0-T-C-LI-0-0-TS012-01
;0-TU;TU-0-0;NiN-3.0-T-C-LI-0-0-TU00-0
;0-TU;TU-0-01;NiN-3.0-T-C-LI-0-0-TU001-0
;0-TU;TU-0-01;NiN-3.0-T-C-LI-0-0-TU001-01
;0-TU;TU-0-01;NiN-3.0-T-C-LI-0-0-TU001-02
;0-TU;TU-0-02;NiN-3.0-T-C-LI-0-0-TU002-0
;0-TU;TU-0-02;NiN-3.0-T-C-LI-0-0-TU002-01
